Species,AAA-Phe,AAC-Val,AAG-Leu,AAT-Ile,ACA-Cys,ACC-Gly,ACG-Arg,ACT-Ser,AGA-Ser,AGC-Ala,AGG-Pro,AGT-Thr,ATA-Tyr,ATC-Asp,ATG-His,ATT-Asn,CAA-Leu,CAC-Val,CAG-Ala,CAG-Leu,CAG-Ser,CAT-Met,CCA-Trp,CCC-Gly,CCG-Arg,CCT-Arg,CGA-Ser,CGC-Ala,CGG-Pro,CGT-Thr,CTA-Stop,CTC-Glu,CTG-Gln,CTT-Lys,GAA-Phe,GAC-Val,GAG-Leu,GAT-Ile,GCA-Cys,GCC-Gly,GCG-Arg,GCT-Ser,GGA-Ser,GGC-Ala,GGG-Pro,GGT-Thr,GTA-Tyr,GTC-Asp,GTG-His,GTT-Asn,TAA-Leu,TAC-Val,TAG-Leu,TAT-Ile,TCA-Stop,TCC-Gly,TCG-Arg,TCT-Arg,TGA-Ser,TGC-Ala,TGG-Pro,TGT-Thr,TTA-Stop,TTC-Glu,TTG-Gln,TTT-Lys
alloascoidea_hylecoeti.max.cds,0,11,4,9,0,0,3,0,7,8,3,9,0,0,0,0,4,1,0,1,0,4,5,1,1,2,1,1,1,1,0,3,2,5,8,0,0,0,3,10,0,4,0,0,0,0,6,11,5,8,8,2,2,3,0,4,2,8,4,5,11,6,0,8,6,8
ambrosiozyma_kashinagacola.max.cds,0,5,1,4,0,0,2,0,4,4,0,4,0,0,0,0,3,1,0,1,0,2,7,1,1,0,1,0,0,1,0,2,1,6,5,0,0,0,2,6,0,1,0,0,0,0,4,5,3,3,4,0,1,1,0,1,0,5,2,2,5,1,0,4,5,3
ambrosiozyma_monospora.max.cds,0,15,4,12,0,0,2,0,12,11,0,12,0,0,0,0,13,3,0,3,0,5,4,0,1,0,1,0,0,1,0,4,2,15,9,0,0,0,5,16,0,5,0,0,0,0,10,15,8,10,4,0,3,2,0,4,0,12,7,4,12,4,0,14,9,6
arxula_adeninivorans.max.cds,0,5,4,7,0,0,4,0,5,7,5,5,0,0,0,0,2,3,0,4,0,3,3,1,1,1,2,1,1,1,0,6,4,8,4,0,0,0,2,6,0,2,0,0,0,0,5,6,4,5,1,2,1,1,0,5,4,2,1,2,2,1,0,2,1,2
ashbya_aceri.max.cds,0,7,0,9,0,0,4,0,7,7,1,7,0,0,0,0,7,4,0,1,0,4,5,2,2,1,3,2,0,2,0,8,4,9,6,0,1,0,3,11,0,3,0,0,0,0,5,10,5,7,2,2,4,1,0,2,0,6,2,5,7,2,0,3,4,3
brettanomyces_anomalus.max.cds,0,4,2,3,0,0,1,0,3,3,0,4,0,0,0,0,3,1,0,1,0,2,2,0,1,1,1,0,0,1,0,4,2,5,4,0,0,0,2,5,0,2,0,0,0,0,2,4,2,3,1,0,2,1,0,2,0,3,2,3,5,1,0,2,1,2
candida_apicola.max.cds,0,4,2,1,0,0,5,0,3,4,2,3,0,0,0,0,2,1,0,1,0,5,2,1,1,1,1,1,1,1,0,5,3,4,3,0,0,0,1,4,0,2,0,0,0,0,2,4,2,4,1,1,1,1,0,1,1,1,2,2,1,2,0,2,1,2
candida_arabinofermentans.max.cds,0,6,1,5,0,0,2,0,4,4,0,4,0,0,0,0,4,1,0,1,0,3,3,0,1,0,1,0,0,1,0,1,1,5,4,0,0,0,2,6,0,2,0,0,0,0,3,5,3,4,4,0,2,1,0,2,0,6,3,3,5,2,0,5,4,4
candida_boidinii_JCM9604.max.cds,0,10,2,8,0,0,3,0,7,7,1,7,0,0,0,0,1,1,0,1,0,3,5,0,1,1,1,0,0,1,0,1,1,6,7,0,0,0,4,11,0,3,0,0,0,0,5,9,5,7,10,1,1,2,0,2,0,7,4,4,8,4,0,12,5,8
candida_glabrata.max.cds,0,10,0,9,0,0,4,0,9,10,1,9,0,0,0,0,8,1,0,0,0,3,5,1,1,1,1,0,0,1,0,3,2,12,6,0,1,0,3,12,0,3,0,0,0,0,6,9,6,9,3,2,4,2,0,2,0,9,2,5,7,3,0,9,6,3
candida_infanticola.max.cds,0,5,3,4,0,0,7,0,4,6,3,4,0,0,0,0,2,2,0,2,0,13,3,1,1,1,2,1,1,1,0,5,3,4,10,0,0,0,2,7,0,2,0,0,0,0,3,11,10,5,1,1,3,1,0,1,1,1,3,6,1,3,0,3,1,3
candida_sorboxylosa.max.cds,0,7,2,9,0,0,2,0,6,6,0,7,0,0,0,0,5,2,0,1,0,3,4,0,1,1,1,0,0,1,0,2,1,8,7,0,0,0,3,11,0,3,0,0,0,0,5,9,3,7,7,1,2,2,0,3,0,7,2,5,7,1,0,9,5,5
candida_succiphila.max.cds,0,3,1,3,0,0,2,0,3,3,1,2,0,0,0,0,2,1,0,1,0,2,2,1,1,1,1,1,0,1,0,1,1,3,3,0,0,0,1,5,0,1,0,0,0,0,2,3,2,3,1,1,1,1,0,2,0,3,1,1,3,1,0,3,3,3
candida_versatilis.max.cds,0,2,2,3,0,0,3,0,1,3,1,2,0,0,0,0,1,1,0,1,0,1,2,1,1,1,1,1,1,2,0,3,2,3,2,0,0,0,1,3,0,1,0,0,0,0,2,3,2,2,1,1,1,1,0,1,1,1,1,1,1,1,0,1,1,1
cyberlindnera_fabianii_JCM3601.max.cds,0,7,5,7,0,0,4,0,6,8,0,6,0,0,0,0,6,2,0,1,0,3,4,1,1,0,1,0,0,1,0,8,5,8,5,0,0,0,2,9,0,2,0,0,0,0,4,8,3,5,1,1,1,1,0,1,0,6,1,2,6,2,0,2,2,2
cyberlindnera_jadinii.max.cds,0,8,4,6,0,0,4,0,6,6,0,6,0,0,0,0,7,2,0,1,0,3,4,1,1,0,1,0,0,1,0,6,2,7,6,0,0,0,1,9,0,2,0,0,0,0,4,7,3,6,1,1,1,1,0,2,0,5,2,3,6,2,0,4,5,3
dekkera_bruxellensis.max.cds,0,4,2,1,0,0,1,0,2,3,0,2,0,0,0,0,2,1,0,1,0,2,2,0,2,1,1,0,0,1,0,2,2,3,3,0,0,0,0,3,0,2,0,0,0,0,1,4,3,2,1,0,2,1,0,1,0,5,0,3,5,0,0,1,1,2
eremothecium_coryli.max.cds,0,9,0,8,0,0,3,0,7,7,1,8,0,0,0,0,8,2,0,1,0,4,4,2,1,1,1,0,0,1,0,6,1,10,6,0,2,0,3,12,0,3,0,0,0,0,6,9,3,7,2,2,2,1,0,2,0,7,2,5,6,2,0,5,7,3
eremothecium_cymbalariae.max.cds,0,5,0,6,0,0,3,0,5,5,1,4,0,0,0,0,8,2,0,1,0,3,4,1,1,1,1,1,0,1,0,3,3,6,6,0,1,0,3,8,0,3,0,0,0,0,6,6,3,5,2,1,2,1,0,2,0,5,2,3,6,1,0,5,4,3
eremothecium_gossypii.max.cds,0,10,0,9,0,0,4,0,7,7,1,7,0,0,0,0,7,4,0,1,0,4,5,2,2,1,3,2,0,2,0,8,2,9,6,0,1,0,3,12,0,3,0,0,0,0,5,10,5,7,2,2,6,1,0,2,0,6,2,4,7,2,0,3,4,3
eremothecium_sinecaudum.max.cds,0,7,0,6,0,0,3,0,5,4,1,5,0,0,0,0,6,2,0,1,0,3,3,2,1,1,1,0,0,1,0,3,1,7,5,0,1,0,3,8,0,3,0,0,0,0,6,8,3,6,2,2,2,1,0,2,0,5,2,4,5,2,0,7,4,3
geotrichum_candidum.max.cds,1,18,15,17,0,0,12,0,14,18,11,15,0,0,0,0,5,3,0,4,0,6,7,1,2,2,3,2,3,2,0,21,7,19,12,0,0,0,4,23,0,6,0,0,0,0,11,16,8,11,3,1,2,2,0,4,2,9,3,2,3,2,0,8,6,4
hanseniaspora_uvarum.max.cds,0,6,0,5,0,0,1,0,5,6,0,5,0,0,0,0,2,0,0,0,0,2,2,0,1,0,1,0,0,1,0,1,1,8,4,0,1,0,1,7,0,2,0,0,0,0,3,7,2,4,5,1,1,1,0,1,0,6,1,1,4,1,0,7,4,4
hanseniaspora_valbyensis.max.cds,0,3,0,5,0,0,1,0,4,4,0,4,0,0,0,0,3,0,0,0,0,2,2,0,1,0,1,0,0,1,0,1,1,4,3,0,1,0,1,6,0,1,0,0,0,0,3,4,2,4,5,1,1,1,0,1,0,4,1,1,4,1,0,7,4,4
hanseniaspora_vinae.max.cds,0,10,0,10,0,0,1,0,7,7,0,7,0,0,0,0,9,1,0,0,0,3,4,2,1,0,1,0,0,1,0,1,1,2,9,0,0,0,2,10,0,3,0,0,0,0,5,9,4,6,3,1,3,2,0,2,0,8,2,4,7,2,0,11,6,11
kazachstania_africana.max.cds,0,13,2,13,0,0,4,0,11,12,1,11,0,0,0,0,2,1,0,0,0,5,6,1,1,1,1,0,0,1,0,2,1,12,9,0,0,0,5,17,0,4,0,0,0,0,9,13,6,10,14,2,2,2,0,4,0,11,4,5,10,3,0,15,9,8
kazachstania_naganishii.max.cds,0,7,1,7,0,0,3,0,7,7,1,7,0,0,0,0,5,2,0,0,0,2,4,2,1,1,1,1,0,1,0,3,2,7,6,0,0,0,4,9,0,3,0,0,0,0,5,8,4,6,3,1,3,2,0,1,0,6,1,1,6,2,0,5,4,4
kluyveromyces_lactis.max.cds,0,7,0,7,0,0,3,0,6,7,1,6,0,0,0,0,7,2,0,1,0,3,4,1,1,1,1,0,0,1,0,2,1,9,5,0,1,0,3,7,0,2,0,0,0,0,5,8,4,6,3,1,2,1,0,2,0,7,2,3,7,2,0,8,6,4
kluyveromyces_marxianus.max.cds,0,8,0,8,0,0,3,0,7,7,1,7,0,0,0,0,8,2,0,1,0,3,4,1,1,1,1,0,0,1,0,2,1,10,5,0,1,0,3,8,0,2,0,0,0,0,5,8,4,7,3,1,2,1,0,2,0,7,2,4,7,2,0,8,6,3
komagataella_pastoris.max.cds,0,5,2,5,0,0,2,0,4,5,2,5,0,0,0,0,3,1,0,2,0,2,3,1,1,1,1,0,1,1,0,4,2,5,5,0,0,0,2,5,0,2,0,0,0,0,4,6,3,4,1,1,1,1,0,3,1,4,2,2,4,1,0,5,3,3
kuraishia_capsulata.max.cds,0,3,2,3,0,0,2,0,2,3,1,3,0,0,0,0,3,1,0,1,0,2,2,1,1,1,1,1,0,1,0,2,1,3,3,0,0,0,2,3,0,1,0,0,0,0,1,4,2,3,1,1,1,1,0,1,0,3,2,2,3,1,0,2,2,2
lachancea_cidri.max.cds,0,9,0,10,0,0,4,0,7,9,2,8,0,0,0,0,8,3,0,0,0,4,4,2,1,1,1,1,0,1,0,4,1,9,7,0,1,0,4,11,0,3,0,0,0,0,5,9,5,7,2,1,2,1,0,2,0,8,2,2,7,2,0,8,6,4
lachancea_dasiensis.max.cds,0,10,0,9,0,0,4,0,8,10,2,7,0,0,0,0,8,3,0,0,0,4,4,1,1,1,2,2,0,1,0,4,2,10,7,0,2,0,3,12,0,3,0,0,0,0,6,10,6,6,2,1,3,1,0,3,0,8,1,2,7,2,0,9,8,5
lachancea_fantastica.max.cds,0,9,0,9,0,0,4,0,8,9,2,7,0,0,0,0,7,3,0,0,0,4,4,1,1,1,2,2,0,1,0,4,4,10,7,0,2,0,3,13,0,3,0,0,0,0,6,10,6,7,1,1,4,1,0,3,0,8,1,2,7,2,0,8,5,5
lachancea_fermentati.max.cds,0,10,0,10,0,0,4,0,7,11,2,8,0,0,0,0,8,3,0,0,0,4,4,2,1,1,1,1,0,1,0,4,2,10,7,0,1,0,4,12,0,3,0,0,0,0,5,9,6,7,2,1,3,1,0,3,0,8,2,2,8,2,0,8,6,4
lachancea_kluyveri.max.cds,0,14,0,12,0,0,5,0,11,13,1,11,0,0,0,0,11,3,0,1,0,5,5,2,1,1,1,0,0,1,0,3,1,14,8,0,1,0,5,15,0,4,0,0,0,0,7,13,6,9,3,1,3,1,0,2,0,12,2,4,10,2,0,13,10,5
lachancea_lanzarotensis.max.cds,0,9,0,9,0,0,4,0,8,9,2,7,0,0,0,0,7,3,0,0,0,4,4,1,1,1,2,2,0,1,0,4,4,10,7,0,2,0,3,13,0,3,0,0,0,0,6,10,5,7,1,1,4,1,0,3,0,8,1,2,7,2,0,8,5,5
lachancea_meyersii.max.cds,0,10,0,9,0,0,4,0,9,9,2,8,0,0,0,0,8,3,0,0,0,4,5,1,1,1,2,2,0,1,0,6,4,10,7,0,2,0,3,13,0,3,0,0,0,0,6,10,6,7,1,1,4,1,0,3,0,8,1,2,7,2,0,8,5,5
lachancea_mirantina.max.cds,0,9,0,10,0,0,4,0,8,8,2,7,0,0,0,0,8,3,0,0,0,4,5,2,1,1,2,2,0,2,0,5,2,10,7,0,3,0,4,11,0,3,0,0,0,0,6,9,5,8,2,1,4,1,0,4,0,8,2,3,7,2,0,8,5,4
lachancea_nothofagi.max.cds,0,12,0,9,0,0,4,0,8,9,2,8,0,0,0,0,9,3,0,0,0,4,4,2,1,1,2,2,0,1,0,4,3,9,7,0,2,0,3,12,0,3,0,0,0,0,5,10,4,7,2,1,3,1,0,3,0,8,1,2,7,2,0,8,6,5
lachancea_quebecensis.max.cds,0,11,0,10,0,0,4,0,9,10,2,9,0,0,0,0,8,3,0,3,0,5,5,2,1,1,2,2,0,1,0,11,5,13,7,0,2,0,4,15,0,3,0,0,0,0,6,10,5,7,2,1,3,1,0,3,0,9,2,3,8,2,0,6,5,4
lachancea_thermotolerans.max.cds,0,11,0,10,0,0,4,0,9,10,2,9,0,0,0,1,8,3,0,3,0,4,5,2,1,1,2,2,0,1,0,11,5,14,7,0,2,0,4,15,0,3,0,0,0,0,6,10,5,7,2,1,3,1,0,3,0,9,2,3,8,2,0,6,5,4
lachancea_waltii.max.cds,0,12,0,10,0,0,4,0,9,11,2,10,0,0,0,0,0,4,0,2,0,5,5,2,0,1,2,1,0,2,0,9,4,12,7,0,2,0,4,15,0,5,0,0,0,0,6,10,4,8,2,1,4,1,0,3,0,9,2,3,7,2,0,7,6,4
lipomyces_starkeyi.max.cds,0,4,4,4,0,0,3,0,3,3,2,4,0,0,0,0,2,2,0,1,0,2,2,1,1,1,2,2,1,1,0,3,2,4,3,0,0,0,1,5,0,2,0,0,0,0,2,4,2,3,1,0,1,0,0,2,2,1,1,2,2,1,0,2,1,1
nadsonia_fulvescens_var_elongata.max.cds,1,30,21,32,0,0,19,0,22,39,24,26,0,0,0,0,7,4,0,2,0,10,10,1,2,2,4,3,3,2,0,5,3,34,21,0,0,0,9,39,0,8,0,0,0,0,17,27,14,18,11,3,3,2,0,7,3,17,4,4,3,5,0,30,20,7
nakaseomyces_bacillisporus.max.cds,0,10,0,7,0,0,3,0,6,7,1,5,0,0,0,0,4,2,0,0,0,3,4,1,1,1,1,0,0,1,0,2,1,9,4,0,1,0,3,9,0,3,0,0,0,0,5,10,4,7,6,2,1,2,0,2,0,7,2,4,7,2,0,9,7,6
nakaseomyces_bracarensis.max.cds,0,12,0,11,0,0,4,0,9,11,1,9,0,0,0,0,9,1,0,0,0,4,5,1,1,1,1,0,0,1,0,4,2,13,8,0,1,0,4,13,0,3,0,0,0,0,5,12,6,8,3,2,4,2,0,2,0,9,2,5,8,3,0,11,7,3
nakaseomyces_castellii.max.cds,0,6,0,6,0,0,3,0,5,5,2,5,0,0,0,0,5,2,0,0,0,3,3,1,1,1,1,1,0,1,0,4,2,6,5,0,1,0,3,8,0,2,0,0,0,0,4,7,4,5,2,1,2,1,0,2,0,4,1,2,5,2,0,4,4,3
nakaseomyces_delphensis.max.cds,0,10,0,10,0,0,4,0,9,4,1,8,0,0,0,0,7,1,0,0,0,4,5,1,1,1,1,1,0,1,0,4,2,7,6,0,1,0,4,12,0,3,0,0,0,0,6,11,6,5,3,2,4,2,0,2,0,9,2,5,7,3,0,10,6,3
nakaseomyces_nivariensis.max.cds,0,13,0,11,0,0,4,0,10,12,1,10,0,0,0,0,10,1,0,0,0,4,5,1,1,1,1,0,0,1,0,4,2,14,8,0,1,0,4,14,0,3,0,0,0,0,6,12,6,9,3,2,4,2,0,2,0,10,2,5,9,3,0,11,7,3
naumovozyma_castellii.max.cds,0,13,2,12,0,0,5,0,12,12,1,11,0,0,0,0,9,2,0,0,0,5,7,2,2,1,1,0,0,2,0,1,1,14,10,0,0,0,4,13,0,4,0,0,0,0,9,14,8,10,7,2,3,2,0,3,0,10,4,5,10,3,0,13,9,8
naumovozyma_dairenensis.max.cds,0,14,1,12,0,0,5,0,11,10,1,11,0,0,0,0,8,2,0,0,0,5,5,1,2,1,1,0,0,2,0,1,1,12,9,0,0,0,5,12,0,5,0,0,0,0,9,13,7,9,9,2,4,2,0,3,0,11,3,5,11,5,0,13,10,8
ogataea_methanolica.max.cds,0,9,1,6,0,0,2,0,5,6,0,6,0,0,0,0,3,1,0,1,0,3,3,0,1,0,1,0,0,1,0,1,2,6,5,0,0,0,3,8,0,2,0,0,0,0,5,8,4,5,6,0,2,1,0,2,0,7,4,3,6,2,0,6,5,4
ogataea_parapolymorpha.max.cds,0,3,1,4,0,0,2,0,2,3,0,3,0,0,0,0,3,1,0,1,0,2,2,0,1,1,1,0,0,1,0,3,1,3,3,0,0,0,1,4,0,2,0,0,0,0,2,3,2,2,1,0,1,1,0,2,0,3,1,2,3,1,0,2,2,2
ogataea_polymorpha.max.cds,0,3,1,4,0,0,2,0,2,3,0,3,0,0,0,0,3,1,0,1,0,2,2,0,1,1,1,0,0,1,0,3,1,3,3,0,0,0,1,4,0,2,0,0,0,0,2,3,2,2,1,0,1,1,0,2,0,3,1,2,3,1,0,2,2,2
pichia_membranifaciens.max.cds,0,6,2,8,0,0,2,0,5,4,0,6,0,0,0,0,5,1,0,2,0,3,4,1,1,1,1,0,0,1,0,3,1,7,6,0,0,0,3,8,0,2,0,0,0,0,5,7,4,6,4,1,1,2,0,2,0,7,3,6,7,2,0,7,5,4
saccharomyces_arboricola.max.cds,0,14,0,11,0,0,6,0,10,11,2,11,0,0,0,0,9,2,0,0,0,5,7,2,1,1,1,0,0,1,0,2,1,13,10,0,1,0,4,16,0,4,0,0,0,0,8,16,7,10,8,2,3,2,0,3,0,11,4,5,10,3,0,14,9,7
saccharomyces_cerevisiae.max.cds,0,14,0,13,0,0,6,0,11,11,2,11,0,0,0,0,10,2,0,0,0,5,6,2,1,1,1,0,0,1,0,2,1,14,10,0,1,0,4,16,0,4,0,0,0,0,8,16,7,10,7,2,3,2,0,3,0,11,3,5,10,4,0,14,9,7
saccharomyces_eubayanus.max.cds,0,14,0,13,0,0,6,0,14,12,2,11,0,0,0,0,11,2,0,0,0,5,7,2,1,1,1,0,0,1,0,2,1,14,10,0,1,0,4,15,0,4,0,0,0,0,8,16,7,10,8,2,2,2,0,3,0,11,4,5,10,4,0,14,9,7
saccharomyces_kudriavzevii.max.cds,0,13,0,11,0,0,6,0,10,11,2,10,0,0,0,0,10,2,0,0,0,5,5,2,1,1,1,0,0,1,0,2,1,14,9,0,1,0,4,16,0,4,0,0,0,0,7,13,7,10,6,2,3,2,0,2,0,9,4,5,10,3,0,12,9,7
saccharomyces_mikatae.max.cds,0,13,0,11,0,0,6,0,10,11,2,11,0,0,0,0,9,2,0,0,0,5,6,2,1,1,1,0,0,1,0,2,1,14,10,0,0,0,4,16,0,4,0,0,0,0,8,16,7,10,7,2,3,1,0,2,0,11,3,5,11,4,0,14,9,6
saccharomyces_paradoxus.max.cds,0,14,0,13,0,0,6,0,12,12,2,11,0,0,0,0,1,2,0,0,0,5,6,2,1,1,1,0,0,1,0,2,1,14,10,0,1,0,4,16,0,4,0,0,0,0,8,15,7,11,7,2,3,2,0,3,0,12,3,5,11,4,0,14,9,7
saccharomyces_uvarum.max.cds,0,13,0,13,0,0,6,0,13,12,2,10,0,0,0,0,8,2,0,0,0,5,7,2,1,1,1,0,0,1,0,2,1,14,10,0,1,0,3,16,0,4,0,0,0,0,8,16,6,10,8,2,3,2,0,3,0,11,4,5,10,4,0,14,9,7
saprochaete_clavata.max.cds,0,9,8,11,0,0,7,0,7,8,3,6,0,0,0,0,5,1,0,1,0,5,2,1,1,1,1,1,1,1,0,3,2,8,8,0,0,0,2,14,0,4,0,0,0,0,6,12,6,7,3,3,1,2,0,5,3,6,5,5,6,4,0,7,5,6
sporopachydermia_quercuum.max.cds,0,5,2,4,0,0,2,0,3,5,3,4,0,0,0,0,3,1,0,1,0,2,2,0,1,1,1,1,1,1,0,1,1,4,3,0,0,0,2,5,0,2,0,0,0,0,3,5,2,3,2,1,1,1,0,3,1,4,2,2,2,2,0,5,2,2
starmerella_bombicola_JCM9596.max.cds,0,3,3,3,0,0,4,0,2,4,2,2,0,0,0,0,1,1,0,1,0,1,1,1,1,1,1,1,1,1,0,4,2,4,2,0,0,0,1,5,0,2,0,0,0,0,2,3,2,3,1,1,1,1,0,1,1,1,1,1,1,1,0,2,1,1
sugiyamaella_lignohabitans.max.cds,0,9,7,9,0,0,8,0,8,11,6,8,0,0,0,0,4,2,0,2,0,9,3,1,1,1,2,1,1,1,0,7,2,10,9,0,0,0,3,11,0,4,0,0,0,0,6,10,5,8,2,0,1,1,0,6,1,5,4,4,3,4,0,8,5,5
tetrapisispora_blattae.max.cds,0,18,0,17,0,0,4,0,17,19,1,15,0,0,0,0,9,1,0,0,0,5,7,1,1,1,2,0,0,1,0,1,1,15,12,0,1,0,5,23,0,6,0,0,0,0,9,19,7,11,12,2,2,2,0,3,0,13,4,5,13,3,0,16,10,9
tetrapisispora_phaffii.max.cds,0,10,0,10,0,0,3,0,8,9,1,9,0,0,0,0,2,1,0,0,0,4,4,1,1,1,1,0,0,1,0,1,1,9,9,0,1,0,4,13,0,3,0,0,0,0,6,12,5,9,9,2,2,2,0,2,0,8,2,3,8,2,0,11,7,6
tortispora_caseinolytica.max.cds,0,2,2,2,0,0,2,0,1,2,1,2,0,0,0,0,1,1,0,1,0,1,1,0,1,1,1,1,1,1,0,1,1,2,2,0,0,0,1,2,0,1,0,0,0,0,1,2,1,1,1,0,1,1,0,1,1,1,1,1,1,1,0,1,1,1
torulaspora_delbrueckii.max.cds,0,12,0,8,0,0,4,0,7,8,1,9,0,0,0,0,8,2,0,0,0,4,4,1,1,1,1,0,0,1,0,4,2,10,6,0,1,0,3,11,0,3,0,0,0,0,6,9,4,7,3,1,4,1,0,2,0,7,2,4,6,2,0,8,6,5
vanderwaltozyma_polyspora.max.cds,0,12,0,10,0,0,4,0,10,10,1,11,0,0,0,0,8,1,0,0,0,4,5,1,1,1,1,0,0,1,0,1,1,10,8,0,1,0,4,14,0,4,0,0,0,0,8,12,5,8,6,2,2,2,0,2,0,10,3,4,8,4,0,12,9,7
wickerhamiella_domercqiae.max.cds,0,2,0,2,0,0,2,0,1,2,1,1,0,0,0,0,1,1,0,1,0,1,1,1,1,1,1,1,0,1,0,2,1,2,2,0,2,0,1,3,0,1,0,0,0,0,1,2,1,2,1,1,1,1,0,1,1,1,1,1,1,1,0,1,1,1
wickerhamomyces_anomalus.max.cds,0,6,1,7,0,0,4,0,4,5,0,6,0,0,0,0,3,1,0,1,0,3,2,1,0,0,2,0,0,1,0,1,1,2,5,0,0,0,2,7,0,2,0,0,0,0,4,7,4,6,7,1,1,1,0,3,0,5,6,5,5,3,0,8,5,12
wickerhamomyces_ciferrii.max.cds,0,9,1,7,0,0,4,0,4,6,0,5,0,0,0,0,3,1,0,1,0,6,4,1,0,0,1,0,0,1,0,1,1,2,7,0,0,0,2,7,0,2,0,0,0,0,5,7,4,6,9,1,1,1,0,2,0,6,5,4,6,3,0,11,4,8
yarrowia_deformans.max.cds,0,27,22,26,0,0,1,0,24,31,22,22,0,0,0,0,3,8,0,13,0,10,14,0,0,1,4,2,2,2,0,27,16,38,18,0,0,0,9,33,0,6,0,0,0,0,15,28,14,17,1,2,2,1,0,12,30,4,2,4,3,3,0,6,3,4
yarrowia_keelungensis.max.cds,0,26,21,28,0,0,1,0,21,32,20,22,0,0,1,0,3,9,0,17,0,10,14,0,0,1,4,3,2,3,0,29,16,38,17,0,0,0,8,33,0,6,0,0,0,0,14,30,13,17,1,2,2,1,0,12,27,4,2,4,3,3,0,6,3,5
yarrowia_lipolytica.max.cds,0,24,21,26,0,0,1,0,21,30,21,22,0,0,0,0,3,8,0,13,0,9,13,0,0,1,4,2,2,2,0,27,15,34,17,0,0,0,8,30,0,6,0,0,0,0,14,28,12,16,1,2,2,1,0,11,25,4,2,4,3,3,0,6,3,4
yHAB132_kazachstania_martiniae_160519.max.cds,0,17,1,12,0,0,6,0,13,12,0,12,0,0,0,0,2,1,0,0,0,6,8,1,2,1,1,0,0,1,0,1,1,17,12,0,0,0,5,17,0,4,0,0,1,0,9,16,7,10,15,2,2,2,0,2,0,10,3,4,13,4,0,16,9,6
yHAB133_kazachstania_unispora_160519.max.cds,0,12,1,12,0,0,3,0,10,12,0,11,0,0,0,0,3,1,0,0,0,5,6,2,1,1,1,0,0,1,0,2,1,11,8,0,0,0,4,14,0,2,0,0,1,0,8,13,6,9,12,2,2,2,0,2,0,10,2,3,10,3,0,12,9,8
yHAB134_kazachstania_turicensis_160519.max.cds,0,10,0,10,0,0,5,0,10,7,0,9,0,0,0,0,2,1,0,0,0,6,5,1,1,1,1,0,0,1,0,2,1,10,7,0,1,0,3,8,0,5,0,0,1,0,7,9,5,7,3,3,4,3,0,2,0,8,2,4,9,4,0,10,8,4
yHAB136_kazachstania_bromeliacearum_160519.max.cds,0,11,1,10,0,0,4,0,9,10,1,9,0,0,0,0,7,2,0,0,0,4,6,2,2,1,1,0,0,1,0,2,1,11,8,0,0,0,4,13,0,3,0,0,0,0,7,13,5,8,6,2,2,2,0,2,0,10,3,4,9,4,0,12,8,6
yHAB143_kazachstania_siamensis_160519.max.cds,0,11,1,11,0,0,3,0,10,12,0,9,0,0,0,0,3,1,0,0,0,6,5,1,1,1,1,0,0,1,0,2,1,10,8,0,0,0,4,13,0,2,0,0,1,0,7,12,6,10,11,3,2,2,0,2,0,9,3,4,10,3,0,12,7,7
yHAB147_kazachstania_taianensis_160519.max.cds,0,12,1,12,0,0,4,0,10,11,1,10,0,0,0,0,5,1,0,0,0,4,6,2,1,1,1,1,0,1,0,4,2,12,8,0,0,0,3,14,0,3,0,0,0,0,7,12,5,9,7,2,6,2,0,2,0,9,2,3,10,3,0,11,8,6
yHAB148_kazachstania_intestinalis_160519.max.cds,0,6,1,7,0,0,3,0,5,6,1,4,0,0,0,0,8,1,0,0,0,3,3,1,1,1,1,0,0,1,0,2,1,5,5,0,0,0,3,8,0,3,0,0,0,0,4,7,4,6,4,1,2,1,0,2,0,5,2,3,5,2,0,7,3,4
yHAB153_kazachstania_rosinii_160519.max.cds,0,12,2,12,0,0,4,0,10,12,0,10,0,0,0,0,3,1,0,0,0,5,5,1,1,1,1,0,0,2,0,2,1,13,9,0,0,0,4,14,0,4,0,0,1,0,6,12,7,9,9,2,3,2,0,2,0,10,3,4,11,3,0,14,5,3
yHAB154_kazachstania_transvaalensis_160519.max.cds,0,15,2,17,0,0,5,0,12,13,0,15,0,0,0,0,3,2,0,0,0,6,6,1,1,1,1,0,0,1,0,2,1,12,11,0,0,0,5,29,0,4,0,0,1,0,10,19,6,10,16,3,1,2,0,2,0,14,5,5,12,3,0,21,9,13
yHAB155_kazachstania_spencerorum_160519.max.cds,0,14,2,12,0,0,4,0,13,13,0,12,0,0,0,0,5,1,0,0,0,5,5,1,1,1,1,0,0,1,0,2,1,11,10,0,0,0,5,17,0,4,0,0,1,0,12,15,0,10,12,2,3,3,0,3,0,14,4,4,11,3,0,13,9,7
yHAB158_kazachstania_viticola_160519.max.cds,0,14,3,12,0,0,5,0,13,15,1,13,0,0,0,0,3,1,0,0,0,5,8,1,2,1,2,0,0,1,0,2,1,13,9,0,0,0,4,19,0,4,0,0,0,0,9,17,7,10,13,5,3,4,0,4,0,12,4,4,14,3,0,14,10,8
yHAB159_kazachstania_solicola_160519.max.cds,0,12,1,14,0,0,3,0,11,14,0,16,0,0,0,0,3,1,0,0,0,5,7,3,1,1,1,0,0,1,0,4,1,11,10,0,0,0,4,19,0,3,0,0,1,0,9,15,7,10,14,2,2,2,0,2,0,11,3,3,10,2,0,12,8,8
yHAB160_kazachstania_kunashirensis_160519.max.cds,0,11,1,8,0,0,4,0,10,10,0,9,0,0,0,0,2,1,0,0,0,5,5,1,1,1,1,0,0,1,0,2,1,9,10,0,0,0,3,12,0,3,0,0,1,0,8,10,6,8,11,3,3,2,0,3,0,7,3,4,9,3,0,11,5,6
yHAB164_kazachstania_aerobia_160519.max.cds,0,13,1,12,0,0,3,0,9,13,0,11,0,0,0,0,3,1,0,0,0,5,5,2,1,1,1,0,0,1,0,2,1,12,8,0,0,0,4,15,0,2,0,0,1,0,8,9,6,9,12,2,2,2,0,2,0,7,2,3,10,2,0,12,9,8
yHAB166_kazachstania_yakushimaensis_160519.max.cds,0,17,2,17,0,0,5,0,14,18,0,15,0,0,0,0,2,2,0,0,0,7,7,1,1,1,1,0,0,1,0,2,1,13,12,0,0,0,5,21,0,4,0,0,1,0,11,19,8,13,18,3,1,2,0,2,0,15,5,5,11,4,0,18,10,12
yHMPu5000026124_ogataea_henricii_160519.max.cds,0,9,6,10,0,0,4,0,7,9,0,8,0,0,0,0,8,3,0,3,0,4,4,1,1,1,4,1,0,2,0,8,3,11,6,0,0,0,4,11,0,3,0,0,0,0,6,9,5,7,1,0,1,1,0,4,0,12,1,3,9,1,0,5,5,3
yHMPu5000026137_ambrosiozyma_ambrosiae_160519.max.cds,0,9,1,9,0,0,2,0,6,7,0,7,0,0,0,0,3,1,0,3,0,3,4,0,1,0,1,0,0,1,0,1,1,8,7,0,0,0,3,10,0,3,0,0,0,0,6,9,6,7,7,1,1,2,0,2,0,8,3,4,7,2,0,9,6,5
yHMPu5000026142_citeromyces_matritensis_160519.max.cds,0,9,5,12,0,0,4,0,6,9,2,7,0,0,0,0,5,2,0,2,0,6,27,1,1,1,3,2,1,2,0,7,2,10,9,0,0,0,3,11,0,3,0,0,0,0,5,9,6,5,3,4,2,1,0,5,0,7,3,5,8,3,0,4,6,6
yHMPu5000026145_ambrosiozyma_vanderkliftii_160519.max.cds,0,5,1,8,0,0,3,0,5,4,0,4,0,0,0,0,3,1,0,1,0,3,2,0,1,0,1,0,0,1,0,1,1,6,5,0,0,0,2,6,0,2,0,0,0,0,4,6,3,4,6,0,1,1,0,1,0,6,3,3,5,5,0,8,4,3
yHMPu5000026152_torulaspora_franciscae_160519.max.cds,0,10,0,10,0,0,5,0,8,10,2,7,0,0,0,0,10,2,0,0,0,4,4,1,2,1,1,0,0,1,0,4,4,10,6,0,2,0,5,12,0,5,0,0,0,0,9,11,4,9,3,1,4,2,0,3,0,8,2,4,6,3,0,9,9,6
yHMPu5000026197_brettanomyces_custersianus_160519.max.cds,0,4,2,4,0,0,2,0,3,3,0,4,0,0,0,0,3,1,0,2,0,2,2,0,1,1,1,0,0,1,0,3,2,5,3,0,0,0,2,5,0,2,0,0,0,0,3,4,2,3,1,0,1,1,0,1,0,3,1,3,5,1,0,2,2,2
yHMPu5000026256_zygotorulaspora_mrakii_161215.max.cds,0,9,0,8,0,0,3,0,7,7,1,7,0,0,0,0,0,2,0,0,0,4,4,1,1,1,1,0,0,1,0,2,1,8,7,0,1,0,3,12,0,3,0,0,0,0,6,9,4,8,4,3,3,1,0,2,0,7,2,5,6,2,0,8,6,7
yHMPu5000026274_komagataella_populi_160519.max.cds,0,5,2,5,0,0,2,0,4,5,2,5,0,0,0,0,4,1,0,2,0,2,3,1,1,1,1,0,1,1,0,4,2,6,5,0,0,0,2,5,0,2,0,0,0,0,4,6,3,4,1,1,1,1,0,3,1,3,2,2,4,1,0,5,3,3
yHMPu5000034594_starmera_quercuum_160519.max.cds,0,5,2,5,0,0,4,0,4,5,0,4,0,0,0,0,4,1,0,1,0,3,3,0,1,0,1,0,0,1,0,2,1,4,6,0,0,1,2,6,0,2,0,0,0,0,3,6,3,6,3,2,1,1,0,2,0,5,4,4,5,3,0,6,3,7
yHMPu5000034597_candida_stellimalicola_160519.max.cds,0,6,1,6,0,0,4,0,4,2,0,5,0,0,0,0,2,1,0,1,0,4,3,0,0,0,1,0,0,1,0,2,1,3,6,0,0,1,2,8,0,2,0,0,0,0,3,6,3,6,7,2,1,1,0,2,0,6,4,6,4,3,0,6,4,7
yHMPu5000034604_sporopachydermia_lactativora_160519.max.cds,0,4,2,5,0,0,2,0,4,4,3,3,0,0,0,0,2,2,0,2,0,5,2,1,1,1,1,1,2,1,0,3,3,5,4,0,0,0,2,5,0,2,0,0,0,0,3,5,3,4,2,2,1,1,0,2,1,4,2,3,2,2,0,4,2,3
yHMPu5000034605_spencermartinsiella_europaea_160519.max.cds,0,4,3,5,0,0,1,0,3,5,3,4,0,0,0,0,3,2,0,3,0,5,2,1,1,1,2,1,1,1,0,3,2,5,4,0,0,0,2,4,0,2,0,0,0,0,3,4,2,5,1,0,1,1,0,3,4,2,2,2,2,3,0,3,1,3
yHMPu5000034610_saturnispora_hagleri_160519.max.cds,0,2,4,4,0,0,2,0,2,8,0,1,0,0,0,0,1,1,0,2,0,6,4,1,1,1,1,0,0,1,0,2,1,5,2,0,0,0,3,7,0,3,0,0,0,0,7,3,7,9,5,1,2,1,0,3,0,2,3,5,2,2,0,3,2,4
yHMPu5000034611_saturnispora_mendoncae_160519.max.cds,0,4,3,4,0,0,2,0,3,6,0,5,0,0,0,0,3,1,0,2,0,4,3,1,1,1,1,0,0,3,0,2,1,6,4,0,0,0,3,8,0,2,0,0,0,0,8,6,4,6,4,1,1,1,0,2,0,4,4,2,4,2,0,4,4,3
yHMPu5000034612_saturnispora_saitoi_160519.max.cds,0,11,4,3,0,0,2,0,5,7,0,3,0,0,0,0,3,1,0,2,0,4,5,1,1,1,1,0,0,1,0,1,1,6,4,0,0,0,3,8,0,3,0,0,0,0,6,6,6,8,4,1,1,1,0,3,0,5,3,1,3,2,0,9,4,4
yHMPu5000034613_saturnispora_serradocipensis_160519.max.cds,0,2,4,3,0,0,2,0,2,7,0,1,0,0,0,0,1,1,0,2,0,5,5,1,1,1,1,0,0,1,0,1,1,5,2,0,0,0,3,8,0,3,0,0,0,0,7,4,6,9,5,1,2,1,0,3,0,2,3,2,2,2,0,5,2,4
yHMPu5000034614_saturnispora_silvae_160519.max.cds,0,4,3,7,0,0,2,0,8,8,0,8,0,0,0,0,3,2,0,2,0,4,3,1,1,1,1,0,0,1,0,2,2,11,8,0,0,0,3,10,0,2,0,0,0,0,5,9,4,6,5,1,1,1,0,2,0,8,2,7,8,2,0,9,7,3
yHMPu5000034615_saturnispora_zaruensis_160519.max.cds,0,2,4,3,0,0,2,0,2,7,0,1,0,0,0,0,1,1,0,2,0,5,4,1,1,1,1,0,0,1,0,2,1,5,2,0,0,0,3,4,0,3,0,0,0,0,7,4,6,10,5,1,2,1,0,3,0,2,3,1,2,2,0,3,3,4
yHMPu5000034622_pichia_occidentalis_160519.max.cds,0,11,3,9,0,0,2,0,6,4,0,6,0,0,0,0,6,2,0,2,0,4,4,0,1,1,2,0,0,1,0,2,1,9,9,0,0,0,3,18,0,2,0,0,0,0,5,13,4,7,7,1,1,2,0,3,0,9,5,8,7,2,0,13,6,6
yHMPu5000034623_pichia_norvegensis_160519.max.cds,0,7,2,9,0,0,4,0,5,0,0,7,0,0,0,0,3,1,0,3,0,4,4,0,1,1,1,0,0,1,0,2,1,11,7,0,0,0,3,10,0,2,0,0,0,0,5,7,4,6,6,1,1,1,0,3,0,8,4,11,7,2,0,15,5,4
yHMPu5000034624_pichia_nakasei_160519.max.cds,0,8,2,8,0,0,2,0,6,0,0,6,0,0,0,0,3,1,0,2,0,3,4,0,1,1,1,0,0,1,0,1,1,6,7,0,0,0,3,10,0,2,0,0,0,0,5,9,4,7,7,1,1,2,0,2,0,7,4,11,9,2,0,10,6,6
yHMPu5000034625_pichia_kudriavzevii_160519.max.cds,0,11,5,10,0,0,4,0,8,0,0,16,0,0,0,0,6,2,0,5,0,3,5,0,1,2,2,0,0,1,0,5,2,13,10,0,0,0,4,20,0,5,0,0,0,0,6,13,7,9,9,2,2,1,0,4,0,9,4,13,11,4,0,17,9,7
yHMPu5000034627_pichia_heedii_160519.max.cds,0,7,2,8,0,0,2,0,4,0,0,5,0,0,0,0,2,1,0,2,0,3,4,0,1,1,1,0,0,1,0,1,1,4,6,0,0,0,3,8,0,2,0,0,0,0,5,7,4,6,7,1,1,2,0,2,0,6,3,9,6,2,0,9,5,6
yHMPu5000034629_pichia_exigua_160519.max.cds,0,7,2,8,0,0,2,0,5,0,0,7,0,0,0,0,1,1,0,2,0,3,4,0,1,1,1,0,0,1,0,1,1,13,6,0,0,0,3,10,0,2,0,0,0,0,6,9,4,7,8,1,1,2,0,2,0,7,4,9,8,3,0,13,6,6
yHMPu5000034631_martiniozyma_abiesophila_161215.max.cds,0,3,5,3,0,0,3,0,1,6,0,2,0,0,0,0,1,1,0,3,0,13,5,0,2,2,3,0,0,2,0,1,2,3,1,0,0,0,3,2,0,3,0,0,0,0,8,2,6,9,8,0,2,1,0,3,0,1,5,2,1,5,0,1,1,7
yHMPu5000034635_nadsonia_fulvescens_160519.max.cds,0,29,19,33,0,0,87,1,23,38,22,25,0,0,0,0,7,4,0,2,0,65,11,1,2,1,3,3,3,3,0,5,4,35,74,0,1,67,9,41,0,9,0,0,0,1,53,81,40,82,13,44,3,3,0,7,3,64,59,63,3,68,0,96,21,68
yHMPu5000034636_ogataea_nitratoaversa_160519.max.cds,0,5,1,4,0,0,1,0,3,3,0,4,0,0,0,0,3,1,0,1,0,4,3,0,1,0,1,0,0,1,0,1,1,5,4,0,0,0,2,6,0,2,0,0,0,0,3,6,4,5,5,0,2,1,0,2,0,6,5,3,5,2,0,6,4,4
yHMPu5000034637_ogataea_populiabae_160519.max.cds,0,3,1,4,0,0,1,0,2,3,0,2,0,0,0,0,2,1,0,0,0,2,2,1,1,0,1,1,0,1,0,2,1,3,3,0,0,0,1,4,0,2,0,0,0,0,2,3,2,2,2,1,1,1,0,1,0,4,2,1,4,1,0,3,2,2
yHMPu5000034646_wickerhamiella_cacticola_160519.max.cds,0,6,5,6,0,0,6,0,5,8,5,5,0,0,0,0,2,1,0,1,0,7,3,1,1,1,1,1,0,1,0,8,5,8,6,0,0,1,2,11,0,3,0,0,0,0,4,7,4,5,1,1,1,1,0,2,1,1,2,2,1,2,0,5,2,4
yHMPu5000034655_botryozyma_nematodophila_160519.max.cds,0,3,2,4,0,0,1,0,2,3,2,1,0,0,0,0,2,1,0,1,0,7,2,0,1,1,1,1,1,0,0,0,2,2,3,0,0,2,1,2,0,1,0,0,0,0,2,16,1,8,3,3,1,1,0,3,1,1,4,4,1,5,0,4,1,21
yHMPu5000034660_diddensiella_caesifluorescens_160519.max.cds,0,4,3,5,0,0,3,0,3,4,3,4,0,0,0,0,2,2,0,1,0,3,2,1,1,1,1,1,1,1,0,2,1,5,5,0,0,0,2,4,0,2,0,0,0,0,3,5,3,4,2,0,1,1,0,3,2,2,3,2,2,2,0,3,2,3
yHMPu5000034661_dipodascus_albidus_160519.max.cds,0,15,9,13,0,0,9,0,13,15,10,12,0,0,0,0,7,2,0,2,0,5,7,0,2,1,2,1,2,2,0,7,2,15,12,0,0,0,5,14,0,6,0,0,0,0,8,15,8,11,4,3,2,2,0,8,3,8,4,4,5,3,0,12,8,7
yHMPu5000034667_blastobotrys_serpentis_160519.max.cds,0,9,6,9,0,0,3,0,6,10,1,8,0,0,0,0,4,2,0,1,0,6,4,1,1,1,1,1,1,1,0,2,1,9,7,0,0,1,4,11,0,3,0,0,0,0,6,9,6,8,2,1,1,1,0,4,2,7,3,4,8,3,0,10,6,4
yHMPu5000034669_blastobotrys_raffinofermentans_160519.max.cds,0,5,4,7,0,0,4,0,5,7,5,5,0,0,0,0,2,3,0,4,0,5,3,1,1,1,2,1,1,1,0,6,4,8,5,0,0,0,2,6,0,2,0,0,0,0,6,9,4,6,1,3,1,1,0,5,4,3,2,3,2,2,0,3,1,3
yHMPu5000034670_blastobotrys_proliferans_160519.max.cds,0,5,2,6,0,0,0,0,4,6,1,6,0,0,0,0,4,1,0,1,0,3,2,1,0,1,1,1,1,1,0,1,1,5,5,0,0,0,2,7,0,0,0,0,0,0,4,7,3,5,2,2,1,1,0,2,6,2,3,4,6,2,0,5,5,5
yHMPu5000034671_blastobotrys_peoriensis_160519.max.cds,0,4,3,5,0,0,2,0,3,5,3,4,0,0,0,0,2,1,0,2,0,4,2,1,1,1,2,1,1,1,0,4,3,5,4,0,0,1,1,4,0,2,0,0,0,0,3,5,3,4,1,2,1,1,0,3,3,3,2,3,2,2,0,3,1,2
yHMPu5000034673_blastobotrys_nivea_160519.max.cds,0,3,2,2,0,0,0,0,4,2,1,3,0,0,0,0,3,1,0,1,0,5,2,1,0,1,0,2,1,1,0,1,1,4,7,0,0,0,3,3,0,3,0,0,0,0,3,7,3,5,0,2,1,1,0,1,2,1,2,2,4,2,0,5,3,2
yHMPu5000034674_blastobotrys_muscicola_160519.max.cds,0,25,10,20,0,0,3,0,24,26,4,22,0,0,0,0,6,9,0,13,0,17,17,0,1,2,5,6,2,3,0,22,15,23,20,0,0,0,6,32,0,10,0,0,0,1,13,21,12,17,2,0,4,3,0,8,23,5,4,4,14,8,0,7,3,7
yHMPu5000034675_blastobotrys_mokoenaii_160519.max.cds,0,7,5,7,0,0,1,0,5,7,1,6,0,0,0,0,2,3,0,2,0,5,4,1,1,1,2,2,2,1,0,7,4,11,6,0,0,1,2,9,0,2,0,0,0,0,4,8,5,5,1,2,1,1,0,2,7,2,2,2,8,2,0,3,1,2
yHMPu5000034681_blastobotrys_americana_160519.max.cds,0,3,3,4,0,0,2,0,3,4,2,4,0,0,0,0,1,1,0,2,0,4,2,1,1,1,1,1,1,1,0,3,2,4,4,0,0,0,1,4,0,2,0,0,0,0,3,5,2,4,1,2,1,2,0,3,2,3,2,2,2,2,0,3,1,3
yHMPu5000034709_kluyveromyces_aestuarii_160519.max.cds,0,8,0,7,0,0,3,0,6,7,1,6,0,0,0,0,8,2,0,1,0,4,4,1,1,1,1,0,0,1,0,2,1,8,6,0,1,1,4,8,0,2,0,0,0,0,5,8,6,7,3,2,2,1,0,0,0,8,3,5,7,3,0,9,6,5
yHMPu5000034710_kluyveromyces_dobzhanskii_160519.max.cds,0,7,0,7,0,0,3,0,6,7,1,6,0,0,0,0,7,2,0,1,0,4,4,1,1,1,1,0,0,1,0,2,2,8,6,0,1,0,3,7,0,2,0,0,0,0,5,7,4,7,2,2,2,1,0,2,0,8,3,4,7,3,0,8,5,4
yHMPu5000034742_lipomyces_suomiensis_160519.max.cds,0,4,3,3,0,0,3,0,2,3,3,4,0,0,0,0,2,2,0,1,0,5,2,1,1,1,2,2,1,1,0,3,2,3,4,0,0,1,2,5,0,2,0,0,0,0,3,5,3,3,1,0,1,0,0,2,1,2,1,1,2,2,0,2,1,2
yHMPu5000034748_lipomyces_oligophaga_160519.max.cds,0,3,3,3,0,0,3,0,2,3,2,3,0,0,0,0,1,2,0,1,0,3,2,1,1,1,2,1,1,1,0,2,2,3,4,0,0,1,2,4,0,2,0,0,0,0,3,3,2,3,1,1,2,0,0,1,1,2,2,1,1,2,0,3,1,3
yHMPu5000034749_lipomyces_mesembrius_160519.max.cds,0,4,4,4,0,0,3,0,2,3,2,4,0,0,0,0,2,2,0,1,0,5,2,1,1,1,2,2,1,1,0,3,2,5,5,0,0,1,1,5,0,2,0,0,0,0,2,4,3,4,1,0,2,0,0,2,3,2,2,2,2,2,0,3,1,2
yHMPu5000034754_lipomyces_arxii_160519.max.cds,0,4,3,4,0,0,3,0,4,3,2,4,0,0,0,0,2,2,0,1,0,6,2,1,1,1,2,2,1,1,0,3,2,4,4,0,0,1,1,5,0,2,0,0,0,0,2,4,3,4,1,0,2,0,0,2,3,2,2,2,2,3,0,4,1,2
yHMPu5000034757_lipomyces_doorenjongii_160519.max.cds,0,3,2,2,0,0,1,0,2,2,2,3,0,0,0,0,1,1,0,1,0,4,1,1,1,1,1,1,1,1,0,2,1,3,3,0,0,1,1,3,0,1,0,0,0,0,2,3,2,3,1,0,1,0,0,1,2,2,2,1,1,2,0,3,1,2
yHMPu5000034758_lipomyces_japonicus_160519.max.cds,0,6,5,7,0,0,5,0,6,6,3,5,0,0,0,0,3,3,0,2,0,5,3,1,2,1,2,2,2,2,0,4,3,8,4,0,0,0,2,7,0,2,0,0,0,0,4,6,2,5,2,0,2,0,0,3,3,5,3,3,3,3,0,5,2,3
yHMPu5000034760_lipomyces_kononenkoae_160519.max.cds,0,4,3,4,0,0,2,0,3,3,2,4,0,0,0,0,2,2,0,1,0,5,2,1,1,1,1,2,1,1,0,3,2,4,4,0,0,1,1,5,0,2,0,0,0,0,2,4,3,4,1,0,2,0,0,2,3,2,2,2,3,2,0,3,1,2
yHMPu5000034761_lipomyces_lipofer_160519.max.cds,0,4,4,4,0,0,2,0,2,5,3,4,0,0,0,0,2,1,0,2,0,4,2,1,1,1,2,2,1,1,0,3,2,3,5,0,0,0,1,4,0,2,0,0,0,0,3,5,2,3,1,1,1,0,0,2,2,3,2,1,2,2,0,3,1,2
yHMPu5000034862_zygotorulaspora_florentina_160519.max.cds,0,9,0,8,0,0,3,0,7,7,1,6,0,0,0,0,6,2,0,0,0,3,4,1,1,1,1,0,0,1,0,3,1,8,6,0,1,0,3,11,0,3,0,0,0,0,6,9,4,7,4,1,3,1,0,2,0,7,2,4,6,2,0,7,6,5
yHMPu5000034865_zygosaccharomyces_kombuchaensis_160519.max.cds,0,8,0,8,0,0,5,0,9,12,4,9,0,0,0,0,9,5,0,0,0,5,6,2,1,2,3,1,0,2,0,8,6,12,9,0,1,0,5,16,0,5,0,0,0,0,6,13,6,8,2,2,6,1,0,2,0,7,2,3,8,2,0,6,4,5
yHMPu5000034866_zygosaccharomyces_bisporus_160519.max.cds,0,10,0,9,0,0,6,0,9,11,4,9,0,0,0,0,9,5,0,0,0,5,6,2,1,2,3,1,0,2,0,8,6,12,7,0,1,0,5,16,0,7,0,0,0,0,6,12,6,8,2,2,6,1,0,2,0,8,2,5,8,2,0,8,5,7
yHMPu5000034875_tetrapisispora_fleetii_160519.max.cds,0,10,0,9,0,0,3,0,9,8,1,9,0,0,0,0,2,1,0,0,0,4,4,1,1,1,1,0,0,1,0,2,1,9,8,0,1,0,4,13,0,3,0,0,0,0,6,10,5,9,9,2,2,2,0,2,0,7,2,3,7,3,0,10,7,6
yHMPu5000034876_tetrapisispora_iriomotensis_160519.max.cds,0,13,0,10,0,0,3,0,11,11,1,9,0,0,0,0,2,1,0,0,0,4,5,1,1,1,1,0,0,1,0,1,2,10,8,0,1,0,4,13,0,3,0,0,0,0,8,12,5,10,12,2,2,2,0,2,0,9,3,5,9,3,0,13,8,7
yHMPu5000034877_tetrapisispora_namnaonensis_160519.max.cds,0,10,0,9,0,0,3,0,9,8,1,9,0,0,0,0,2,1,0,0,0,4,4,1,1,1,1,0,0,1,0,2,1,9,8,0,1,0,4,13,0,3,0,0,0,0,7,10,5,9,9,2,2,2,0,2,0,7,3,3,7,4,0,10,7,6
yHMPu5000034881_torulaspora_pretoriensis_160519.max.cds,0,13,0,8,0,0,5,0,8,8,2,8,0,0,0,0,10,4,0,0,0,6,6,1,1,1,1,0,0,1,0,5,2,13,7,0,2,0,5,16,0,5,0,0,0,0,7,12,4,11,3,1,4,1,0,3,0,11,4,5,6,4,0,12,7,8
yHMPu5000034885_ogataea_zsoltii_160519.max.cds,0,5,3,6,0,0,2,0,4,4,0,5,0,0,0,0,4,2,0,2,0,3,2,1,1,1,2,0,0,1,0,4,2,6,4,0,0,0,2,6,0,2,0,0,0,0,3,6,3,3,2,0,1,1,0,3,0,5,1,3,5,1,0,3,3,2
yHMPu5000034886_ogataea_trehalophila_160519.max.cds,0,11,1,7,0,0,2,0,4,6,0,6,0,0,0,0,3,1,0,1,0,3,3,0,1,0,1,0,0,1,0,1,2,7,5,0,0,0,3,9,0,2,0,0,0,0,5,7,4,6,7,0,2,1,0,2,0,7,4,3,6,2,0,8,5,4
yHMPu5000034887_ogataea_trehaloabstinens_160519.max.cds,0,3,1,3,0,0,1,0,2,3,0,2,0,0,0,0,2,1,0,0,0,2,1,0,1,0,1,1,0,1,0,2,1,3,3,0,0,0,2,4,0,2,0,0,0,0,2,3,2,2,1,1,1,1,0,1,0,3,2,2,4,1,0,2,2,2
yHMPu5000034890_ogataea_ramenticola_160519.max.cds,0,4,1,4,0,0,2,0,4,4,1,4,0,0,0,0,1,1,0,1,0,2,2,0,1,1,1,0,0,1,0,1,1,4,3,0,0,0,2,5,0,1,0,0,0,0,3,4,2,4,5,1,1,1,0,2,0,4,2,2,5,2,0,5,3,4
yHMPu5000034891_ogataea_pini_160519.max.cds,0,11,5,9,0,0,3,0,6,7,0,7,0,0,0,0,7,2,0,2,0,5,3,1,1,1,2,1,0,1,0,6,2,12,5,0,0,0,2,10,0,3,0,0,0,0,5,9,4,7,2,0,1,1,0,4,0,10,2,4,8,2,0,6,6,4
yHMPu5000034892_ogataea_pilisensis_160519.max.cds,0,7,1,6,0,0,2,0,4,4,0,4,0,0,0,0,3,1,0,1,0,6,3,0,1,0,1,0,0,1,0,1,1,6,5,0,0,0,3,9,0,2,0,0,0,0,4,6,3,6,7,0,2,1,0,2,0,7,6,3,5,2,0,8,5,5
yHMPu5000034893_ogataea_philodendra_160519.max.cds,0,2,1,4,0,0,2,0,2,3,0,3,0,0,0,0,2,1,0,1,0,2,2,0,1,1,1,0,0,1,0,2,1,3,3,0,0,0,1,4,0,2,0,0,0,0,2,2,2,2,1,0,1,1,0,1,0,3,1,2,2,1,0,2,1,2
yHMPu5000034897_ogataea_glucozyma_160519.max.cds,0,9,4,10,0,0,2,0,7,7,0,8,0,0,0,0,9,5,0,2,0,3,3,1,1,1,2,0,2,1,0,18,5,12,6,0,0,0,3,11,0,3,0,0,4,0,7,9,6,6,2,0,1,2,0,3,0,9,1,4,7,1,0,4,5,3
yHMPu5000034899_ogataea_kodamae_160519.max.cds,0,3,2,4,0,0,2,0,4,3,0,3,0,0,0,0,3,2,0,1,0,2,4,0,1,1,1,0,0,1,0,3,1,4,3,0,0,0,1,4,0,2,0,0,0,0,2,2,2,5,1,0,1,1,0,3,0,3,1,2,3,1,0,2,2,2
yHMPu5000034901_ogataea_methylivora_160519.max.cds,0,3,2,5,0,0,2,0,5,3,1,4,0,0,0,0,1,1,0,1,0,2,2,0,1,1,1,0,0,1,0,1,2,4,3,0,0,0,2,7,0,2,0,0,0,0,3,4,4,3,4,1,1,1,0,2,0,4,3,3,5,2,0,7,4,5
yHMPu5000034902_ogataea_minuta_160519.max.cds,0,2,1,4,0,0,2,0,2,3,0,3,0,0,0,0,2,1,0,1,0,2,2,0,1,1,1,0,0,1,0,2,2,3,3,0,0,0,1,4,0,2,0,0,0,0,2,3,2,2,1,0,1,1,0,1,0,3,1,2,3,1,0,2,1,2
yHMPu5000034903_ogataea_naganishii_160519.max.cds,0,3,1,3,0,0,2,0,4,4,2,3,0,0,0,0,2,1,0,2,0,2,2,1,1,1,1,1,0,1,0,4,2,4,3,0,0,0,2,4,0,1,0,0,0,0,3,4,2,2,2,1,1,1,0,2,0,3,1,1,4,1,0,1,1,2
yHMPu5000034904_ogataea_nonfermentans_160519.max.cds,0,2,1,4,0,0,2,0,3,3,0,5,0,0,0,0,4,2,0,1,0,3,2,0,2,1,1,0,0,1,0,2,3,3,4,0,0,0,1,4,0,4,0,0,0,0,2,4,2,2,1,0,1,1,0,1,0,3,1,2,3,1,0,2,1,2
yHMPu5000034932_kuraishia_ogatae_160519.max.cds,0,4,4,5,0,0,2,0,3,4,1,4,0,0,0,0,2,1,0,1,0,2,2,1,1,1,1,0,0,1,0,4,3,5,3,0,0,0,2,5,0,2,0,0,0,0,3,5,2,3,1,1,1,1,0,2,0,3,1,2,3,1,0,2,2,2
yHMPu5000034933_kuraishia_molischiana_160519.max.cds,0,4,3,4,0,0,1,0,3,5,1,3,0,0,0,0,2,1,0,1,0,2,2,1,1,1,1,1,0,1,0,4,3,5,3,0,0,0,2,4,0,1,0,0,0,0,2,4,2,3,1,1,1,1,0,1,0,3,1,1,2,1,0,2,1,2
yHMPu5000034939_komagataella_pseudopastoris_160519.max.cds,0,5,2,5,0,0,2,0,4,5,2,5,0,0,0,0,4,1,0,2,0,2,3,1,1,1,1,0,1,1,0,3,2,6,6,0,0,0,2,5,0,2,0,0,0,0,4,6,3,4,1,1,1,1,0,3,1,3,2,2,4,1,0,5,3,3
yHMPu5000034946_ambrosiozyma_oregonensis_160519.max.cds,0,12,1,8,0,0,2,0,8,7,0,8,0,0,0,0,3,1,0,3,0,4,4,0,1,0,1,0,0,1,0,1,1,7,7,0,0,0,3,11,0,2,0,0,0,0,5,9,5,7,8,0,1,2,0,3,0,9,4,4,9,2,0,9,6,6
yHMPu5000034947_ambrosiozyma_philentoma_160519.max.cds,0,11,1,9,0,0,2,0,7,8,0,7,0,0,0,0,3,1,0,3,0,4,4,0,1,0,1,0,0,1,0,1,1,8,8,0,0,0,3,10,0,3,0,0,0,0,6,9,5,7,9,0,1,2,0,2,0,7,3,4,8,2,0,11,6,6
yHMPu5000034950_citeromyces_hawaiiensis_160519.max.cds,0,6,3,7,0,0,4,0,5,8,2,7,0,0,0,0,4,3,0,2,0,3,22,1,3,2,2,2,1,1,0,5,2,8,6,1,0,0,5,9,0,4,0,0,0,0,4,9,5,6,2,5,3,2,0,4,0,6,2,3,4,2,0,4,4,4
yHMPu5000034952_citeromyces_siamensis_160519.max.cds,0,13,0,14,0,0,8,0,9,17,3,9,0,0,0,0,12,4,0,5,0,8,10,1,1,2,7,4,1,4,0,14,6,15,9,0,9,0,6,20,0,4,0,0,0,0,9,18,9,12,2,3,3,3,0,10,0,12,3,5,14,4,0,9,9,10
yHMPu5000034957_hanseniaspora_osmophila_160519.max.cds,0,10,0,11,0,0,1,0,8,7,0,7,0,0,0,0,7,1,0,0,0,12,4,2,1,0,1,0,0,1,0,1,1,2,8,0,0,7,3,8,0,4,0,0,0,0,6,12,4,14,3,7,3,2,0,3,0,9,2,13,8,5,0,10,6,12
yHMPu5000034963_hanseniaspora_clermontiae_160519.max.cds,0,6,0,5,0,0,1,0,4,6,0,5,0,0,0,0,2,0,0,0,0,2,2,0,1,0,1,0,0,1,0,1,1,7,6,0,1,0,1,7,0,2,0,0,0,0,3,5,2,4,5,1,2,1,0,1,0,5,1,1,4,1,0,7,4,4
yHMPu5000034967_candida_freyschussii_160519.max.cds,0,6,2,6,0,0,3,0,5,5,0,6,0,0,0,0,6,2,0,1,0,3,3,1,1,0,1,0,0,1,0,4,2,5,5,0,0,0,2,7,0,2,0,0,0,0,3,6,3,5,2,1,1,1,0,1,0,5,2,3,5,2,0,6,4,3
yHMPu5000034974_deakozyma_indianensis_160519.max.cds,0,5,4,5,0,0,4,0,4,6,2,4,0,0,0,0,2,1,0,2,0,5,2,1,1,1,1,1,1,1,0,5,3,5,4,0,0,1,1,7,0,2,0,0,0,0,4,6,3,5,1,1,1,1,0,2,1,4,2,3,3,2,0,3,1,3
yHMPu5000034978_cyberlindnera_mrakii_160519.max.cds,0,8,3,7,0,0,4,0,7,7,0,7,0,0,0,0,9,3,0,1,0,3,4,1,1,0,1,0,0,1,0,7,2,8,6,0,0,0,2,9,0,2,0,0,0,0,4,8,4,6,1,1,1,1,0,1,0,7,1,3,7,2,0,4,5,3
yHMPu5000034979_cyberlindnera_misumaiensis_160519.max.cds,0,4,4,5,0,0,4,0,5,6,0,5,0,0,0,0,6,3,0,2,0,2,4,1,1,0,1,1,0,1,0,7,4,7,5,0,0,0,2,8,0,2,0,0,0,0,4,7,3,5,1,1,1,1,0,2,0,6,1,2,6,3,0,2,2,2
yHMPu5000035037_candida_montana_160519.max.cds,0,6,1,7,0,0,3,0,4,5,0,5,0,0,0,0,4,1,0,1,0,3,3,0,0,0,1,0,0,1,0,1,1,2,5,0,0,0,2,7,0,2,0,0,0,0,4,5,3,5,4,1,1,1,0,2,0,6,2,3,5,2,0,7,4,7
yHMPu5000035040_ambrosiozyma_maleeae_160519.max.cds,0,8,1,8,0,0,2,0,7,7,0,7,0,0,0,0,9,3,0,1,0,3,4,0,1,0,1,0,0,1,0,6,2,10,7,0,0,0,2,11,0,3,0,0,0,0,5,8,4,6,4,0,3,1,0,2,0,8,2,3,8,2,0,6,5,3
yHMPu5000035041_ambrosiozyma_pseudovanderkliftii_160519.max.cds,0,6,1,6,0,0,2,0,5,4,0,4,0,0,0,0,4,2,0,1,0,3,3,0,1,0,1,0,0,1,0,1,1,6,5,0,0,0,2,7,0,2,0,0,0,0,4,5,3,4,5,0,1,1,0,1,0,6,3,3,6,2,0,6,4,3
yHMPu5000035044_barnettozyma_californica_160519.max.cds,0,9,1,9,0,0,3,0,7,9,0,8,0,0,0,0,9,2,0,1,0,3,4,1,1,0,1,1,0,1,0,9,2,10,7,0,0,0,2,11,0,2,0,0,0,0,5,9,4,6,1,1,4,1,0,2,0,8,2,3,8,2,0,5,5,3
yHMPu5000035045_barnettozyma_hawaiiensis_160613.max.cds,0,8,1,9,0,0,3,0,7,9,0,6,0,0,0,0,8,2,0,1,0,3,4,1,1,0,1,1,0,1,0,8,2,10,7,0,0,0,2,9,0,2,0,0,0,0,5,8,4,6,1,1,4,1,0,1,0,8,2,3,7,2,0,5,5,3
yHMPu5000035046_barnettozyma_populi_160613.max.cds,0,9,1,9,0,0,4,0,7,9,0,7,0,0,0,0,9,2,0,1,0,3,4,1,1,0,1,1,0,1,0,7,2,9,7,0,0,0,2,9,0,2,0,0,0,0,5,8,4,6,1,1,4,1,0,1,0,8,2,2,8,2,0,5,5,3
yHMPu5000035047_barnettozyma_pratensis_160519.max.cds,0,8,1,9,0,0,3,0,5,6,0,7,0,0,0,0,3,1,0,1,0,3,4,0,0,0,1,0,0,1,0,1,1,3,6,0,0,0,2,10,0,2,0,0,0,0,5,8,4,6,8,1,1,1,0,2,0,7,5,3,7,2,0,8,5,10
yHMPu5000035048_barnettozyma_salicaria_160519.max.cds,0,6,1,7,0,0,3,0,4,8,0,5,0,0,0,0,4,1,0,1,0,3,3,0,0,0,2,0,0,1,0,2,1,2,6,0,0,0,2,8,0,2,0,0,0,0,5,7,4,6,5,1,1,1,0,2,0,5,4,3,7,2,0,7,5,8
yHMPu5000035242_zygoascus_ofunaensis_160928.max.cds,0,2,2,3,0,0,1,0,2,3,2,3,0,0,0,0,2,1,0,1,0,4,1,1,0,1,1,1,1,1,0,2,1,3,3,0,0,0,1,3,1,1,0,0,0,0,2,4,2,3,1,1,1,1,0,1,2,2,2,4,1,2,0,3,1,2
yHMPu5000035243_zygoascus_meyerae_160928.max.cds,0,4,3,4,0,0,2,0,4,5,3,4,0,0,0,0,3,1,0,1,0,6,3,0,0,1,1,1,1,1,0,3,2,7,4,0,0,1,1,6,0,2,0,0,0,0,3,5,3,4,1,1,1,1,0,2,4,2,2,2,1,3,0,4,1,3
yHMPu5000035244_candida_incommunis_160928.max.cds,0,6,4,5,0,0,5,0,5,6,2,4,0,0,0,0,3,2,0,1,0,2,2,0,1,1,2,1,1,1,0,4,2,6,5,0,0,0,2,6,0,2,0,0,0,0,3,5,3,5,1,1,1,1,0,3,1,3,2,2,4,1,0,4,3,3
yHMPu5000035261_candida_ponderosae_160928.max.cds,0,6,1,6,0,0,3,0,3,6,0,6,0,0,0,0,2,1,0,1,0,4,3,1,1,0,1,0,0,1,0,1,1,5,6,0,0,0,2,6,0,2,0,0,0,0,4,6,4,8,8,2,1,1,0,2,1,5,6,3,5,4,0,9,4,6
yHMPu5000035268_wickerhamomyces_hampshirensis_160928.max.cds,0,6,1,7,0,0,4,0,5,6,0,6,0,0,0,0,6,1,0,1,0,4,3,1,0,0,1,0,0,1,0,1,1,3,7,0,0,2,2,8,0,2,0,0,0,0,5,9,4,6,5,2,1,1,0,2,0,6,5,4,5,4,0,8,5,8
yHMPu5000035271_wickerhamomyces_bovis_160928.max.cds,0,8,0,8,0,0,3,0,5,9,0,7,0,0,0,0,4,1,0,1,0,2,4,1,0,0,1,0,0,1,0,1,1,5,6,0,1,0,2,9,0,2,0,0,0,0,5,8,4,6,6,1,3,1,0,1,0,6,4,2,6,2,0,9,6,7
yHMPu5000035274_wickerhamomyces_alni_160928.max.cds,0,7,1,5,0,0,3,0,5,6,0,6,0,0,0,0,4,1,0,1,0,2,4,0,1,0,1,0,0,1,0,2,1,2,6,0,0,0,2,8,0,3,0,0,0,0,5,6,3,6,4,1,3,1,0,2,0,6,4,3,7,2,0,5,5,8
yHMPu5000035279_tortispora_starmeri_160928.max.cds,0,2,2,2,0,0,2,0,1,2,1,2,0,0,0,0,0,1,0,2,0,3,1,0,1,1,1,1,1,1,0,2,1,2,2,0,0,1,1,2,0,1,0,0,0,0,1,3,1,2,1,1,2,1,0,2,1,2,2,2,1,2,0,2,1,2
yHMPu5000035282_trigonopsis_vinaria_160928.max.cds,0,3,2,3,0,0,2,0,2,4,2,3,0,0,0,0,2,1,0,1,0,4,2,0,1,1,1,1,1,1,0,3,2,4,3,0,0,0,1,3,0,1,0,0,0,0,2,4,3,3,1,0,1,1,0,2,2,2,2,2,1,1,0,2,1,1
yHMPu5000035286_candida_azyma_160928.max.cds,0,8,1,5,0,0,3,0,4,6,0,6,0,0,0,0,5,1,0,1,0,3,4,1,1,0,1,0,0,1,0,1,1,2,6,0,0,0,2,9,0,2,0,0,0,0,5,8,3,6,5,1,2,1,0,2,0,6,4,3,7,2,0,8,5,8
yHMPu5000035301_pichia_terricola_160928.max.cds,0,12,3,12,0,0,2,0,9,3,0,11,0,0,0,0,5,1,0,2,0,6,4,0,1,1,1,0,0,1,0,2,1,12,9,0,0,0,4,14,0,3,0,0,0,0,9,11,6,9,10,1,2,2,0,3,0,10,4,11,11,4,0,14,8,7
yHMPu5000035325_cyberlindnera_petersonii_160928.max.cds,0,5,4,6,0,0,4,0,6,6,0,6,0,0,0,0,7,2,0,1,0,3,3,1,1,0,1,0,0,1,0,7,5,7,5,0,0,0,2,8,0,2,0,0,0,0,4,8,3,5,1,1,1,1,0,2,0,5,1,2,6,2,0,2,2,2
yHMPu5000035629_yueomyces_sinensis_160519.max.cds,0,12,0,10,0,0,3,0,10,13,1,10,0,0,0,0,3,1,0,0,0,4,5,1,1,1,1,0,0,1,0,1,1,10,6,0,1,0,3,15,0,3,0,0,0,0,7,11,5,8,10,2,2,2,0,2,0,8,4,4,9,3,0,11,7,6
yHMPu5000035633_candida_hispaniensis_160519.max.cds,0,10,7,10,0,0,1,0,11,9,7,8,0,0,0,0,4,3,0,1,0,4,5,0,0,1,1,1,1,1,0,16,5,14,8,0,0,0,3,11,0,3,0,0,0,0,5,10,5,7,1,1,1,1,0,6,10,2,2,3,2,2,0,5,6,4
yHMPu5000035639_wickerhamomyces_canadensis_160613.max.cds,0,9,1,7,0,0,3,0,4,6,0,6,0,0,0,0,5,1,0,1,0,4,4,1,1,1,1,0,0,1,0,1,1,2,6,0,0,0,2,9,0,2,0,0,0,0,5,8,3,6,5,1,2,2,0,2,0,6,4,3,7,2,0,8,5,8
yHMPu5000035643_yarrowia_bubula_160519.max.cds,0,26,22,24,0,0,1,0,22,32,21,19,0,0,0,0,4,8,0,12,0,8,14,0,0,1,6,2,2,3,0,29,14,38,19,0,0,0,8,48,0,6,0,0,0,0,14,28,14,16,1,2,2,1,0,13,27,4,3,4,3,3,0,7,3,5
yHMPu5000035645_yarrowia_divulgata_160519.max.cds,0,25,22,26,0,0,1,0,23,33,21,22,0,0,0,0,3,9,0,14,0,9,14,0,0,1,4,4,2,2,0,29,16,37,19,0,0,0,8,44,0,6,0,0,0,0,14,30,14,16,1,2,2,1,0,13,28,4,2,4,3,3,0,6,3,5
yHMPu5000035650_trigonopsis_variabilis_160613.max.cds,0,2,2,2,0,0,2,0,2,3,2,2,0,0,0,0,1,1,0,1,0,3,2,1,1,1,1,1,1,1,0,2,1,3,3,0,0,0,1,3,0,1,0,0,0,0,2,3,2,3,1,0,1,1,0,2,2,2,2,2,1,1,0,4,1,2
yHMPu5000035651_torulaspora_microellipsoides_160519.max.cds,0,7,0,9,0,0,4,0,8,7,1,7,0,0,0,0,9,2,0,0,0,3,4,1,2,1,1,0,0,1,0,2,1,7,7,0,1,0,3,10,0,4,0,0,0,0,6,10,4,6,4,1,3,1,0,2,0,7,2,5,7,1,0,9,6,6
yHMPu5000035652_torulaspora_maleeae_160613.max.cds,0,11,0,8,0,0,4,0,7,8,1,8,0,0,0,0,8,2,0,0,0,5,4,1,1,1,1,0,0,1,0,5,2,10,7,0,1,1,3,12,0,3,0,0,0,0,6,9,5,8,4,2,10,1,0,3,0,8,3,5,7,3,0,8,6,6
yHMPu5000035654_tortispora_ganteri_160519.max.cds,0,2,2,2,0,0,2,0,1,2,1,2,0,0,0,0,1,1,0,1,0,2,1,0,1,1,1,1,1,1,0,1,1,2,3,0,0,1,1,2,0,1,0,0,0,0,1,2,1,2,1,1,1,1,0,1,2,2,2,2,1,2,0,2,1,1
yHMPu5000035658_starmera_amethionina_160613.max.cds,0,6,1,5,0,0,4,0,7,4,0,7,0,0,0,0,3,1,0,2,0,2,5,0,1,0,1,0,0,1,0,1,1,2,9,0,0,1,3,10,0,4,0,0,0,0,5,10,5,7,10,4,1,1,0,5,0,9,6,5,9,2,0,8,8,9
yHMPu5000035659_saturnispora_dispora_160519.max.cds,0,5,4,2,0,0,2,0,4,7,0,1,0,0,0,0,1,1,0,2,0,5,4,1,1,1,1,0,0,1,0,2,1,7,2,0,0,0,3,8,0,3,0,0,0,0,7,4,6,9,5,1,2,1,0,3,0,4,3,2,2,2,0,3,4,4
yHMPu5000035665_middelhovenomyces_tepae_160613.max.cds,0,4,3,5,0,0,3,0,3,5,3,4,0,0,0,0,2,2,0,2,0,3,3,0,1,1,2,1,1,1,0,3,2,4,5,0,0,1,2,4,0,2,0,0,0,0,3,5,3,4,1,1,1,1,0,4,2,3,2,3,2,3,0,4,2,3
yHMPu5000035670_phaffomyces_opuntiae_160613.max.cds,0,8,1,7,0,0,3,0,5,6,0,6,0,0,0,0,2,1,0,0,0,2,4,0,1,0,1,0,0,1,0,1,1,2,6,0,0,0,2,8,0,2,0,0,0,0,5,8,4,6,8,1,1,1,0,2,0,6,5,3,7,2,0,8,5,9
yHMPu5000035671_phaffomyces_antillensis_160613.max.cds,0,7,1,7,0,0,3,0,5,6,0,6,0,0,0,0,2,1,0,1,0,2,3,0,1,0,1,0,0,1,0,1,1,2,6,0,0,0,2,9,0,2,0,0,0,0,5,7,4,6,8,1,1,1,0,2,0,6,5,3,7,2,0,8,5,8
yHMPu5000035672_phaffomyces_thermotolerans_160613.max.cds,0,6,1,7,0,0,5,0,4,5,0,7,0,0,0,0,2,1,0,1,0,6,4,0,1,0,1,0,0,1,0,1,1,2,6,0,0,1,1,7,0,2,0,0,0,0,4,6,4,7,8,1,1,1,0,2,0,6,5,4,6,2,0,8,5,9
yHMPu5000035673_candida_orba_160613.max.cds,0,6,1,7,0,0,3,0,5,6,0,7,0,0,0,0,2,1,0,1,0,2,4,0,1,0,1,0,0,1,0,1,1,2,6,0,0,0,2,7,0,2,0,0,0,0,5,6,4,6,8,1,1,1,0,2,0,6,5,4,6,2,0,8,5,9
yHMPu5000035674_kregervanrija_delftensis_160613.max.cds,0,8,1,9,0,0,2,0,7,4,0,7,0,0,0,0,4,1,0,2,0,3,3,0,1,1,1,0,0,1,0,1,1,6,6,0,0,0,4,11,0,3,0,0,0,0,6,10,4,7,7,0,2,2,0,2,0,8,3,8,7,3,0,11,6,7
yHMPu5000035675_kregervanrija_fluxuum_160613.max.cds,0,8,1,9,0,0,3,0,7,4,0,6,0,0,0,0,3,1,0,2,0,6,3,0,1,1,1,0,0,1,0,2,1,6,6,0,0,0,4,8,0,3,0,0,0,0,6,11,4,8,8,1,2,2,0,2,0,8,5,8,7,4,0,10,6,8
yHMPu5000035684_kloeckera_hatyaiensis_160519.max.cds,0,7,0,6,0,0,1,0,5,6,0,5,0,0,0,0,3,0,0,0,0,2,2,0,1,0,1,0,0,1,0,1,1,6,4,0,1,0,2,7,0,2,0,0,0,0,4,6,3,5,6,1,4,1,0,2,0,6,1,1,5,1,0,8,4,9
yHMPu5000035686_cyberlindnera_saturnus_160519.max.cds,0,8,4,7,0,0,5,0,7,7,0,7,0,0,0,0,9,4,0,1,0,3,4,1,1,0,1,0,0,1,0,7,3,11,6,0,0,0,2,9,0,2,0,0,0,0,4,8,5,6,1,1,1,1,0,1,0,7,1,3,8,2,0,4,5,3
yHMPu5000035687_cyberlindnera_suaveolens_160613.max.cds,0,8,3,7,0,0,4,0,7,7,0,7,0,0,0,0,9,3,0,1,0,3,4,1,1,0,1,0,0,1,0,7,2,8,6,0,0,0,2,10,0,2,0,0,0,0,4,8,4,6,1,1,1,2,0,1,0,7,1,3,7,2,0,4,5,3
yHMPu5000035688_cyberlindnera_xylosilytica_160519.max.cds,0,7,4,6,0,0,3,0,6,6,0,6,0,0,0,0,6,2,0,1,0,3,3,1,1,0,1,0,0,1,0,7,5,7,5,0,0,0,2,8,0,2,0,0,0,0,4,6,7,5,1,1,1,1,0,3,0,5,1,3,5,2,0,2,2,2
yHMPu5000035689_candida_mycetangii_160613.max.cds,0,7,4,6,0,0,4,0,6,6,0,6,0,0,0,0,7,2,0,1,0,3,3,1,1,0,1,0,0,1,0,7,4,6,4,0,0,0,2,8,0,2,0,0,0,0,4,7,3,5,1,1,1,1,0,1,0,5,1,2,5,2,0,2,2,2
yHMPu5000035690_candida_vartiovaarae_160613.max.cds,0,8,3,7,0,0,4,0,7,8,0,7,0,0,0,0,9,3,0,1,0,3,4,1,1,0,1,0,0,1,0,8,4,9,6,0,0,0,2,9,0,2,0,0,0,0,4,8,4,6,1,1,1,1,0,2,0,7,1,3,7,2,0,4,3,3
yHMPu5000035691_candida_salmanticensis_160519.max.cds,0,3,2,3,0,0,1,0,2,3,2,2,0,0,0,0,2,1,0,1,0,2,2,1,1,1,1,1,1,1,0,3,2,3,3,0,0,0,1,3,0,1,0,0,0,0,2,4,2,3,1,1,1,1,0,2,1,3,2,1,2,2,0,2,1,2
yHMPu5000035695_hanseniaspora_pseudoguilliermondii_160519.max.cds,0,8,0,7,0,0,1,0,6,6,0,5,0,0,0,0,2,0,0,0,0,3,2,0,1,0,1,0,0,1,0,1,1,7,4,0,1,0,1,6,0,2,0,0,0,0,5,7,2,6,5,1,1,2,0,1,0,5,1,6,5,1,0,7,5,3
yHMPu5000035696_hanseniaspora_singularis_160519.max.cds,0,11,0,11,0,0,1,0,9,11,0,10,0,0,0,0,3,0,0,0,0,4,7,0,1,0,0,0,0,1,0,1,1,13,10,0,1,0,3,26,0,3,0,0,0,0,7,12,5,8,12,3,1,2,0,4,0,10,2,3,9,3,0,29,14,8
yHMPu5000035699_cyberlindnera_maclurae_160613.max.cds,0,6,4,6,0,0,4,0,5,7,0,7,0,0,0,0,6,3,0,3,0,3,4,1,1,0,1,1,0,1,0,6,4,7,5,0,0,0,2,8,0,2,0,0,0,0,4,9,3,5,1,2,1,1,0,2,0,6,2,2,6,2,0,2,2,2
yHMPu5000035703_cyberlindnera_americana_160613.max.cds,0,9,4,7,0,0,4,0,7,7,0,6,0,0,0,0,11,2,0,1,0,3,3,1,1,0,1,0,0,1,0,8,4,8,5,0,0,0,2,9,0,2,0,0,0,0,5,8,3,5,2,1,1,1,0,2,0,6,2,2,6,2,0,3,3,3
yHMPu5000041818_magnusiomyces_tetrasperma_160928.max.cds,0,15,13,14,0,0,10,0,12,19,10,12,0,0,0,0,6,3,0,1,0,6,7,0,1,2,2,2,2,2,0,11,8,17,11,0,0,0,7,20,0,5,0,0,0,0,10,14,9,11,3,2,1,2,0,5,3,8,5,4,5,4,0,10,4,5
yHMPu5000041822_dipodascus_geniculatus_160928.max.cds,0,14,11,15,0,0,8,0,12,16,11,11,0,0,0,0,6,2,0,2,0,8,7,0,1,1,2,1,2,2,0,9,2,16,12,0,0,0,4,16,0,6,0,0,0,0,9,15,8,12,3,3,2,2,0,8,3,10,4,5,5,4,0,13,8,8
zygosaccharomyces_bailii.max.cds,0,4,0,4,0,0,6,0,2,2,4,6,0,0,0,0,9,4,0,0,0,1,5,2,1,2,1,1,0,1,0,1,2,10,4,0,1,0,4,0,0,4,0,0,0,0,6,9,4,5,0,2,3,2,0,2,0,1,2,2,6,2,0,4,3,6
zygosaccharomyces_rouxii.max.cds,0,12,0,11,0,0,5,0,12,12,3,10,0,0,0,0,10,4,0,0,0,5,6,2,1,2,2,0,0,2,0,4,3,14,8,0,1,1,4,17,0,5,0,0,0,0,7,14,6,9,4,2,5,1,0,5,0,8,3,9,10,2,0,10,10,7
ascoidea_asiatica.max.cds,0,13,3,14,0,0,3,0,10,8,2,10,0,0,0,0,2,1,0,0,3,5,6,0,1,1,1,0,0,2,0,2,2,3,11,0,0,0,5,15,0,6,0,0,0,0,10,12,6,12,14,4,1,5,0,5,1,10,7,7,9,5,0,12,7,13
ascoidea_rubescens.max.cds,0,7,2,8,0,0,3,0,6,6,1,5,0,0,0,0,3,1,0,0,1,3,4,1,1,2,1,1,0,1,0,1,1,3,7,0,0,0,4,10,0,3,0,0,0,0,5,8,3,9,7,2,1,3,0,3,1,5,4,3,7,3,0,8,5,8
babjeviella_inositovora.max.cds,0,18,7,18,0,0,10,0,18,18,0,16,0,0,0,0,19,5,0,0,2,7,7,5,0,1,3,4,0,3,0,9,10,29,16,0,0,1,6,22,0,6,0,0,0,0,9,17,11,13,3,3,1,1,0,3,0,16,2,3,16,3,0,16,6,6
candida_albicans.max.cds,0,6,2,5,0,0,2,0,4,6,1,4,0,0,0,0,6,1,0,0,1,2,2,1,1,1,1,0,0,1,0,1,1,2,5,0,0,0,2,6,0,2,0,0,0,0,4,6,2,4,5,1,0,1,0,2,0,5,3,2,5,2,0,7,4,5
candida_auris.max.cds,0,6,3,8,0,0,3,0,6,8,2,7,0,0,0,0,8,3,0,0,1,3,4,1,1,1,2,1,0,1,0,6,4,7,6,0,0,0,3,9,0,2,0,0,0,0,5,8,4,5,2,1,0,1,0,2,0,7,1,4,5,2,0,4,2,3
candida_carpophila.max.cds,0,4,2,5,0,0,3,0,4,5,2,4,0,0,0,0,5,2,0,0,1,2,2,1,1,1,2,1,0,1,0,3,2,5,4,0,0,0,3,6,0,3,0,0,0,0,3,6,3,4,1,1,0,1,0,3,0,5,2,2,4,1,0,4,3,2
candida_dubliniensis.max.cds,0,8,2,6,0,0,2,0,4,6,1,5,0,0,0,0,5,1,0,0,1,2,2,1,1,1,1,0,0,1,0,1,1,3,5,0,0,0,2,6,0,1,0,0,0,0,4,6,3,4,5,1,0,1,0,2,0,5,3,2,5,2,0,7,4,5
candida_homilentoma.max.cds,0,6,2,6,0,0,3,0,7,6,1,6,0,0,0,0,7,2,0,0,1,2,3,1,1,1,1,0,0,1,0,1,2,5,5,0,0,0,3,8,0,3,0,0,0,0,4,7,4,5,3,1,0,1,0,2,0,7,2,3,6,1,0,6,3,5
candida_intermedia.max.cds,0,9,3,9,0,0,4,0,6,8,1,7,0,0,0,0,11,3,0,0,1,3,4,1,1,1,2,0,0,1,0,9,4,12,7,0,0,0,3,12,0,3,0,0,0,0,6,11,4,6,2,1,0,1,0,3,0,8,1,4,6,1,0,4,3,3
candida_orthopsilosis.max.cds,0,4,1,4,0,0,2,0,2,3,1,4,0,0,0,0,1,1,0,0,1,2,1,0,1,1,1,0,0,1,0,1,1,3,2,0,0,0,1,2,0,1,0,0,0,0,3,5,1,3,3,1,0,1,0,1,0,2,2,2,3,2,0,2,3,4
candida_parapsilosis.max.cds,0,4,1,4,0,0,2,0,2,3,1,4,0,0,0,0,3,1,0,0,1,2,2,0,1,1,1,0,0,1,0,1,1,3,3,0,0,0,1,4,0,1,0,0,0,0,3,5,2,3,2,1,0,1,0,2,0,3,2,2,3,2,0,4,3,3
candida_sojae.max.cds,0,0,2,7,0,0,4,0,5,7,1,5,0,0,0,0,5,1,0,0,1,2,4,0,1,1,0,0,0,1,0,1,1,3,6,0,0,0,3,8,0,3,0,0,0,0,7,3,3,7,5,1,0,2,0,2,0,9,3,3,4,2,0,12,5,6
candida_tanzawaensis.max.cds,0,13,4,11,0,0,4,0,11,12,2,11,0,0,0,0,12,3,0,0,1,4,5,1,1,1,2,1,0,1,0,3,2,12,10,0,0,0,4,16,0,4,0,0,0,0,8,14,6,9,5,2,0,2,0,5,0,10,3,4,10,2,0,12,7,4
candida_tenuis.max.cds,0,4,1,4,0,0,1,0,4,4,1,3,0,0,0,0,5,2,0,0,1,2,2,0,1,1,1,1,0,1,0,1,1,4,5,0,0,0,3,5,0,3,0,0,0,0,4,5,3,5,2,1,0,2,0,3,0,5,2,2,3,2,0,5,3,3
candida_tropicalis.max.cds,0,11,2,9,0,0,2,0,7,9,1,8,0,0,0,0,6,0,0,0,1,3,5,0,1,1,1,0,0,1,0,1,1,5,8,0,0,0,2,9,0,3,0,0,0,0,5,9,4,7,5,1,0,2,0,3,0,8,3,4,7,2,0,11,7,8
clavispora_lusitaniae.max.cds,0,10,3,9,0,0,4,0,7,9,1,7,0,0,0,0,11,3,0,0,1,4,4,1,1,1,2,1,0,1,0,6,3,10,8,0,0,0,3,12,0,3,0,0,0,0,7,10,4,6,2,1,0,2,0,3,0,7,1,3,7,2,0,6,5,3
debaryomyces_hansenii.max.cds,0,10,2,9,0,0,4,0,6,7,1,8,0,0,0,0,4,1,0,0,1,4,4,1,1,1,1,1,0,1,0,1,1,10,8,0,0,0,4,11,0,3,0,0,0,0,6,9,5,8,9,1,0,2,0,4,0,9,3,4,7,2,0,9,7,7
hyphopichia_burtonii.max.cds,0,9,2,9,0,0,3,0,6,7,1,7,0,0,0,0,3,1,0,0,1,3,4,1,1,1,1,0,0,1,0,1,1,3,6,0,0,0,3,11,0,3,0,0,0,0,5,8,5,6,7,1,0,2,0,3,0,7,3,3,7,1,0,9,6,8
lodderomyces_elongisporus.max.cds,0,4,2,6,0,0,2,0,2,4,1,2,0,0,0,0,3,1,0,0,1,2,2,0,1,1,1,0,0,2,0,2,1,5,4,0,0,0,1,5,0,2,0,0,0,0,3,5,2,3,3,1,0,1,0,3,0,4,3,2,3,2,0,4,4,3
metschnikowia_aberdeeniae.max.cds,0,9,3,8,0,0,4,0,9,10,2,6,0,0,0,0,9,4,0,0,1,5,3,0,1,1,2,0,0,1,0,7,3,9,8,0,0,1,3,9,0,3,0,0,0,0,7,9,4,7,2,1,0,2,0,4,0,8,2,4,6,2,0,4,4,4
metschnikowia_arizonensis.max.cds,0,5,3,7,0,0,3,0,4,5,3,4,0,0,0,0,5,2,0,0,1,4,3,0,1,1,2,0,0,1,0,4,2,6,6,0,0,0,4,8,0,3,1,0,0,0,13,9,4,6,2,1,0,2,0,4,0,7,1,4,6,2,0,5,5,3
metschnikowia_bicuspidata.max.cds,0,12,4,12,0,0,6,0,10,13,4,10,0,0,0,0,17,4,0,0,2,7,4,1,2,1,3,2,0,3,0,12,5,11,8,0,0,1,3,15,0,3,0,0,0,0,6,12,5,8,2,2,0,2,0,3,0,9,2,4,6,2,0,5,5,3
metschnikowia_borealis.max.cds,0,5,3,7,0,0,3,0,6,8,2,5,0,0,0,0,9,3,0,0,1,6,3,0,1,1,2,0,0,1,0,7,2,7,7,0,0,0,3,8,0,3,0,0,0,0,22,8,4,8,1,1,0,2,0,4,0,8,1,3,6,2,0,5,4,3
metschnikowia_bowlesiae.max.cds,0,5,3,5,0,0,7,0,5,7,2,5,0,0,0,0,6,3,0,0,1,5,3,0,1,1,2,0,0,1,0,5,5,7,3,0,0,1,3,9,0,3,0,0,0,0,45,7,4,7,1,1,0,1,0,4,0,6,2,4,5,3,0,4,7,3
metschnikowia_cerradonensis.max.cds,0,5,3,7,0,0,3,0,6,8,2,5,0,0,0,1,8,3,0,0,1,6,3,0,1,1,2,0,0,1,0,7,2,7,7,0,0,1,3,8,0,3,0,0,0,0,17,9,4,5,1,1,0,2,0,4,0,8,1,3,6,2,0,5,4,3
metschnikowia_continentalis.max.cds,0,5,3,7,0,0,3,0,6,8,2,4,0,0,0,0,7,3,0,0,1,5,3,0,1,1,2,0,0,1,0,7,3,7,8,0,0,2,3,9,0,3,0,0,0,0,19,9,4,7,1,1,0,2,0,4,0,10,1,3,6,2,0,4,4,3
metschnikowia_dekortum.max.cds,0,5,3,5,0,0,3,0,5,7,2,5,1,0,0,0,6,3,0,0,1,4,3,0,1,1,2,0,0,1,0,5,5,7,5,0,0,0,3,8,0,3,0,0,0,0,34,8,5,5,1,1,0,1,0,4,0,6,2,4,5,3,0,4,7,4
metschnikowia_drakensbergensis.max.cds,0,6,3,7,0,0,3,0,8,7,2,5,0,0,0,0,8,2,0,0,1,6,3,0,1,1,2,0,0,1,0,6,2,8,8,0,0,0,3,9,0,3,0,0,0,0,17,8,4,7,2,1,0,2,0,4,0,8,2,5,6,2,0,5,4,4
metschnikowia_hamakuensis.max.cds,0,7,3,8,0,0,4,0,7,8,2,6,1,0,0,0,8,3,0,0,2,10,3,0,2,1,2,0,0,1,0,6,3,8,15,0,0,3,3,9,0,3,0,0,0,0,60,9,4,7,1,1,0,2,0,4,0,12,5,7,7,3,0,5,4,5
metschnikowia_hawaiiensis.max.cds,0,7,3,8,0,0,4,0,7,8,6,6,0,0,0,0,8,4,0,0,1,10,3,0,2,2,2,0,0,1,0,7,3,8,10,0,0,1,3,9,0,3,0,0,0,0,58,9,4,6,3,1,0,2,0,5,0,11,2,5,6,5,0,5,4,5
metschnikowia_hibisci.max.cds,0,6,3,6,0,0,3,0,5,6,2,5,0,0,0,0,7,3,0,0,1,3,3,0,1,1,2,0,0,1,0,6,3,7,8,0,0,0,3,8,0,3,0,0,0,0,6,8,4,6,2,1,0,2,0,3,0,8,1,4,5,2,0,4,4,4
metschnikowia_ipomoeae.max.cds,0,5,3,7,0,0,3,0,4,8,2,5,0,0,0,1,7,3,0,0,1,7,3,0,1,1,2,0,0,1,0,7,2,7,7,0,0,3,3,8,0,3,0,0,0,0,21,8,4,6,1,1,0,2,0,4,0,9,1,5,6,2,0,5,4,3
metschnikowia_kamakouana.max.cds,0,6,3,7,0,0,3,0,6,8,2,5,0,0,0,0,7,3,0,0,1,6,3,0,1,1,2,0,0,1,0,7,2,7,8,0,0,1,3,8,0,3,0,0,0,0,22,9,4,6,1,1,0,2,0,4,0,8,2,4,6,2,0,5,4,5
metschnikowia_kipukae.max.cds,0,6,3,6,0,0,3,0,5,6,2,5,0,0,0,0,7,2,0,0,1,4,3,0,1,1,1,0,0,1,0,6,2,8,6,0,0,0,3,8,0,3,0,0,0,0,6,8,4,6,2,1,0,2,0,3,0,7,2,4,6,2,0,6,4,3
metschnikowia_lockheadii.max.cds,0,5,3,7,0,0,3,0,5,8,2,5,0,0,0,0,8,3,0,0,1,5,3,0,1,1,2,0,0,1,0,7,2,7,7,0,0,1,3,9,0,3,0,0,0,0,17,8,4,5,1,1,0,2,0,5,0,7,1,3,6,2,0,5,4,3
metschnikowia_matae.max.cds,0,5,3,7,0,0,3,0,6,8,2,5,0,0,0,0,7,3,0,0,1,5,3,0,1,1,2,0,0,1,0,7,2,7,7,0,0,0,3,8,0,3,0,0,0,0,19,8,4,7,1,1,0,2,0,4,0,9,1,3,6,2,0,5,4,5
metschnikowia_matae_maris.max.cds,0,5,3,7,0,0,3,0,5,8,2,5,0,0,0,0,7,3,0,0,1,5,3,0,1,1,2,0,0,1,0,7,2,9,7,0,0,0,3,8,0,3,0,0,0,0,20,8,4,8,1,1,0,2,0,4,0,9,1,3,6,2,0,5,4,4
metschnikowia_mauinuiana.max.cds,0,7,3,8,0,0,4,0,6,8,3,6,1,0,0,0,8,2,0,0,1,8,3,0,2,2,2,0,0,1,0,7,3,10,9,0,0,3,3,9,0,3,0,0,0,0,54,9,6,7,1,1,0,2,0,4,0,8,3,5,7,3,0,5,4,4
metschnikowia_proteae.max.cds,0,6,3,7,0,0,3,0,6,7,2,6,0,0,0,0,9,2,0,0,1,7,3,0,1,1,2,0,0,1,0,7,2,8,8,0,0,1,3,9,0,3,0,0,0,0,16,9,4,6,2,1,0,2,0,4,0,9,2,4,6,2,0,6,4,4
metschnikowia_santaceciliae.max.cds,0,5,3,10,0,0,2,0,6,8,2,4,0,0,0,0,8,3,0,0,1,5,3,0,1,1,2,0,0,1,0,7,2,7,7,0,0,1,3,8,0,3,0,0,0,0,16,8,4,7,1,1,0,2,0,4,0,9,1,4,6,2,0,5,4,4
metschnikowia_shivogae.max.cds,0,6,3,12,0,0,3,0,6,7,2,6,0,0,0,0,8,3,0,0,1,3,3,0,1,1,2,0,0,1,0,7,3,7,7,0,0,0,3,9,0,3,0,0,0,0,7,8,4,6,2,1,0,2,0,3,0,7,1,4,5,2,0,4,4,3
metschnikowia_similis.max.cds,0,5,3,5,0,0,4,0,5,7,2,5,0,0,0,0,6,3,0,0,1,7,3,0,1,1,2,0,0,1,0,5,5,7,4,0,0,1,3,8,0,3,0,0,0,0,37,8,4,6,1,1,0,1,0,3,0,6,2,4,5,3,0,4,7,4
meyerozyma_guilliermondii.max.cds,0,3,2,5,0,0,3,0,4,5,2,4,0,0,0,0,5,2,0,0,1,2,2,1,1,1,2,1,0,1,0,3,2,5,4,0,0,0,3,6,0,3,0,0,0,0,3,6,3,4,1,1,0,1,0,3,0,5,2,2,4,1,0,4,3,2
millerozyma_acaciae.max.cds,0,7,2,7,0,0,3,0,5,5,1,6,0,0,0,0,6,1,0,0,1,3,3,1,1,1,1,1,0,1,0,3,2,7,5,0,0,0,3,9,0,3,0,0,0,0,5,8,4,5,4,1,0,2,0,3,0,6,2,4,5,2,0,6,5,5
priceomyces_haplophilus.max.cds,0,5,2,5,0,0,2,0,4,4,1,4,0,0,0,0,5,1,0,0,1,2,2,1,1,1,1,0,1,1,0,2,1,6,4,0,0,0,3,6,0,2,0,0,0,0,3,5,3,4,3,1,0,2,0,2,0,4,2,3,3,2,0,4,4,3
saccharomycopsis_malanga.max.cds,0,9,4,9,0,0,4,0,6,7,0,8,0,0,0,0,7,2,0,0,2,4,4,0,1,0,6,0,0,1,0,4,3,8,7,0,0,0,3,9,0,4,0,0,0,0,6,10,5,7,2,2,1,2,0,4,0,7,2,4,8,3,0,7,5,6
scheffersomyces_lignosus.max.cds,0,8,3,7,0,0,3,0,6,7,1,8,0,0,0,0,7,1,0,0,1,3,3,1,1,1,1,0,0,1,0,5,2,9,7,0,0,0,3,11,0,3,0,0,0,0,5,9,4,7,4,2,0,1,0,3,0,7,2,2,6,2,0,7,4,2
scheffersomyces_stipitis.max.cds,0,7,3,7,0,0,3,0,6,7,1,7,0,0,0,0,8,1,0,0,1,3,4,1,1,1,2,0,0,1,0,2,2,9,6,0,0,0,3,10,0,2,0,0,0,0,5,8,4,7,3,2,0,1,0,3,0,7,2,3,6,2,0,8,5,3
spathaspora_arborariae.max.cds,0,8,2,7,0,0,3,0,6,6,1,6,0,0,0,0,4,1,0,0,1,5,3,1,1,1,1,0,0,1,0,1,1,6,7,0,0,0,3,10,0,2,0,0,0,0,5,9,6,6,7,2,1,1,0,3,0,7,4,3,6,2,0,9,6,4
spathaspora_girioi.max.cds,0,4,2,6,0,0,8,0,5,6,1,5,0,0,0,0,4,1,0,0,1,14,3,1,1,1,1,0,0,1,0,1,1,6,15,0,0,0,2,9,0,2,0,0,0,0,4,24,5,5,7,2,0,1,0,3,0,9,3,6,6,6,0,14,6,14
spathaspora_gorwiae.max.cds,0,7,3,4,0,0,3,0,4,5,1,7,0,0,0,0,5,1,0,0,1,2,1,0,1,1,1,0,0,1,0,1,1,8,6,0,0,0,2,7,0,2,0,0,0,0,3,6,5,5,6,1,0,1,0,3,0,7,3,4,4,0,0,8,3,2
spathaspora_hagerdaliae.max.cds,0,12,2,7,0,0,3,0,8,7,2,8,0,0,0,0,4,1,0,0,1,4,3,1,1,1,1,0,0,1,0,1,1,11,5,0,0,0,2,11,0,2,0,0,0,0,5,8,6,5,7,2,0,1,0,3,0,6,3,3,7,2,0,8,7,4
spathaspora_passalidarum.max.cds,0,8,2,8,0,0,3,0,6,7,1,6,0,0,0,0,5,1,0,0,1,3,3,1,1,1,1,0,0,1,0,1,1,9,6,0,0,0,3,10,0,2,0,0,0,0,5,8,5,5,6,2,0,1,0,3,0,6,3,3,6,2,0,8,6,3
wickerhamia_fluorescens.max.cds,0,13,4,12,0,0,6,0,10,13,6,10,0,0,0,0,15,3,0,0,2,5,4,1,1,1,3,2,1,2,0,10,5,13,8,0,0,0,4,16,0,3,0,0,0,0,7,15,5,8,3,2,0,2,0,4,0,7,2,4,3,2,0,6,5,3
yHMPu5000034606_priceomyces_medius_160519.max.cds,0,5,2,5,0,0,4,0,4,4,1,5,0,0,0,0,5,1,0,0,1,2,2,1,1,1,1,0,1,1,0,2,1,6,4,0,0,0,2,6,0,2,0,0,0,0,4,5,3,5,3,1,0,2,0,3,0,4,2,3,4,2,0,5,4,3
yHMPu5000034607_saccharomycopsis_capsularis_160519.max.cds,0,11,4,11,0,0,19,0,10,13,0,10,0,0,0,0,12,2,0,0,1,4,5,1,1,0,1,0,0,1,0,6,3,13,10,0,0,0,3,15,0,5,0,0,0,0,6,13,5,12,6,1,1,2,0,2,0,9,3,3,11,3,0,11,6,7
yHMPu5000034632_candida_athensensis_160519.max.cds,0,4,2,5,0,0,3,0,4,5,2,4,0,0,0,0,5,2,0,0,1,2,2,1,1,1,2,1,0,1,0,3,2,6,4,0,0,0,3,6,0,3,0,0,0,0,3,6,2,4,1,1,0,1,0,3,0,5,2,3,3,1,0,4,3,2
yHMPu5000034643_candida_schatavii_160519.max.cds,0,7,3,7,0,0,2,0,4,7,2,7,0,0,0,0,6,2,0,0,1,5,3,1,1,1,2,1,1,1,0,4,3,7,6,0,0,0,3,7,0,2,0,0,0,0,4,7,3,6,3,1,0,1,0,3,0,6,2,3,5,3,0,4,3,4
yHMPu5000034648_candida_restingae_160519.max.cds,0,19,6,18,0,0,6,0,15,17,3,15,0,0,0,0,21,4,0,0,3,6,7,1,1,1,4,2,1,2,0,20,11,22,14,0,0,0,5,24,0,5,0,0,0,0,13,19,9,13,2,2,0,2,0,5,0,14,2,6,13,3,0,6,4,4
yHMPu5000034654_aciculoconidium_aculeatum_160519.max.cds,0,29,9,24,0,1,9,0,22,23,2,23,0,0,0,0,28,6,0,0,3,11,12,2,1,1,3,0,0,2,0,7,4,27,20,0,0,1,9,36,0,8,0,0,0,0,14,30,15,21,9,3,0,4,0,9,0,21,4,12,22,5,0,28,17,10
yHMPu5000034665_kodamaea_laetipori_160519.max.cds,0,15,4,13,0,0,5,0,9,13,2,11,0,0,0,0,15,3,0,0,3,5,6,1,1,1,4,1,0,2,0,9,5,13,10,0,0,0,4,16,0,5,0,0,0,0,8,18,7,12,3,2,0,2,0,4,0,12,2,5,10,3,0,10,7,4
yHMPu5000034973_danielozyma_ontarioensis_160519.max.cds,0,6,4,6,0,0,4,0,6,6,2,6,0,0,0,0,7,2,0,0,1,3,4,1,1,1,1,1,1,1,0,3,2,7,6,0,0,0,3,7,0,3,0,0,0,0,4,8,4,5,2,1,0,1,0,3,0,6,2,3,4,1,0,5,4,2
yHMPu5000034986_candida_oregonensis_160519.max.cds,0,7,3,9,0,0,4,0,6,9,3,7,0,0,0,0,10,3,0,0,1,3,4,0,1,1,2,1,0,2,0,7,5,9,7,0,0,0,3,10,0,3,0,0,0,0,6,10,4,6,2,1,0,2,0,3,0,7,1,2,5,1,0,4,2,3
yHMPu5000034988_candida_fructus_160519.max.cds,0,10,3,11,0,0,4,0,8,10,2,9,0,0,0,0,13,4,0,0,1,4,4,1,1,1,2,2,0,2,0,9,2,13,8,0,0,0,3,14,0,3,0,0,0,0,7,12,5,7,2,1,0,2,0,3,0,8,1,2,9,1,0,6,6,3
yHMPu5000034990_candida_corydali_160519.max.cds,0,4,1,5,0,0,1,0,2,3,1,4,0,0,0,0,2,0,0,0,1,6,2,0,1,1,1,0,0,2,0,1,1,1,4,0,0,1,2,5,0,1,0,0,0,0,3,5,2,4,6,1,0,2,0,2,0,5,5,5,3,3,0,6,3,8
yHMPu5000034998_cephaloascus_albidus_160519.max.cds,0,18,3,13,0,0,6,0,7,15,2,10,0,0,0,0,6,1,0,0,2,9,6,1,1,1,1,0,0,1,0,2,1,9,12,0,0,0,5,15,0,4,0,0,0,0,12,18,6,13,13,1,0,3,0,5,0,13,9,7,14,11,0,13,8,16
yHMPu5000034999_cephaloascus_fragrans_160519.max.cds,0,16,5,15,0,0,6,0,10,12,2,13,0,0,0,0,7,1,0,0,1,6,7,1,1,1,1,1,0,1,0,3,2,6,14,0,0,0,5,18,0,5,0,0,0,0,10,16,7,12,14,2,0,3,0,5,0,13,10,5,13,5,0,17,10,17
yHMPu5000035011_candida_pyralidae_160519.max.cds,0,12,3,11,0,0,3,0,8,11,1,9,0,0,0,0,11,2,0,0,1,5,5,0,1,1,2,1,0,1,0,3,2,12,9,0,0,1,3,14,0,3,0,0,0,0,7,13,7,9,6,2,0,2,0,5,0,10,4,6,9,3,0,12,7,6
yHMPu5000035018_candida_canberraensis_160519.max.cds,0,19,5,16,0,0,5,0,15,16,2,14,0,0,0,0,18,4,0,0,1,6,7,1,1,1,2,1,0,1,0,3,2,20,13,0,0,0,5,22,0,5,0,0,0,0,11,19,9,12,5,2,0,2,0,7,0,13,4,5,12,3,0,18,10,5
yHMPu5000035022_candida_emberorum_160519.max.cds,0,13,5,11,0,0,4,0,12,13,2,12,0,0,0,0,13,3,0,0,1,5,8,1,1,1,2,1,0,1,0,7,2,15,11,0,0,0,4,18,0,5,0,0,0,0,8,14,7,9,4,2,0,2,0,5,0,11,3,5,9,2,0,12,8,5
yHMPu5000035031_candida_kruisii_160519.max.cds,0,11,3,10,0,0,4,0,11,11,1,10,0,0,0,0,9,2,0,0,1,4,5,1,1,1,2,0,0,2,0,2,1,12,9,0,0,0,4,13,0,3,0,0,0,0,6,11,5,9,4,1,0,2,0,4,0,9,2,4,10,4,0,11,6,4
yHMPu5000035032_candida_gatunensis_160519.max.cds,0,12,4,8,0,0,4,0,9,10,1,9,0,0,0,0,10,2,0,0,1,3,4,1,1,1,2,1,0,2,0,3,2,11,9,0,0,0,4,14,0,3,0,0,0,0,6,10,5,7,3,1,0,1,0,3,0,8,2,3,8,2,0,10,6,4
yHMPu5000035033_candida_cretensis_160519.max.cds,0,10,3,9,0,0,4,0,8,10,1,8,0,0,0,0,8,2,0,0,1,4,4,1,1,1,2,0,0,2,0,2,1,12,8,0,0,0,4,13,0,3,0,0,0,0,6,11,5,7,4,1,0,2,0,3,0,8,2,4,8,2,0,10,6,5
yHMPu5000035252_yamadazyma_nakazawae_160928.max.cds,0,6,2,6,0,0,3,0,5,5,1,5,0,0,0,0,4,1,0,0,1,2,2,0,1,1,1,0,0,1,0,2,1,6,5,0,0,0,3,7,0,3,0,0,0,0,4,7,4,6,4,1,0,1,0,2,0,5,2,3,5,2,0,7,4,3
yHMPu5000035296_priceomyces_carsonii_160928.max.cds,0,5,2,5,0,0,3,0,3,4,1,5,0,0,0,0,4,1,0,0,1,2,2,1,1,1,1,0,1,1,0,2,1,4,4,0,0,0,2,6,0,2,0,0,0,0,4,6,3,4,3,1,0,2,0,2,0,4,3,3,4,2,0,4,4,3
yHMPu5000035297_priceomyces_castillae_160928.max.cds,0,4,2,5,0,0,3,0,4,4,1,5,0,0,0,0,5,1,0,0,1,2,2,1,1,1,1,0,1,1,0,2,1,6,4,0,0,0,3,7,0,2,0,0,0,0,3,5,3,5,3,1,0,2,0,2,0,4,3,3,3,2,0,4,4,3
yHMPu5000035302_candida_fragi_160928.max.cds,0,10,4,9,0,0,3,0,8,9,1,9,0,0,0,0,5,2,0,0,2,4,4,1,1,1,1,0,1,1,0,2,1,10,8,0,0,0,3,12,0,2,0,0,0,0,6,10,4,7,6,1,0,2,0,3,1,8,2,3,7,2,0,10,6,4
yHMPu5000035318_hyphopichia_heimii_160928.max.cds,0,5,2,6,0,0,2,0,4,4,1,5,0,0,0,0,2,1,0,0,1,3,3,0,1,1,1,0,0,1,0,1,1,3,5,0,0,0,2,5,0,2,0,0,0,0,4,5,3,4,6,1,0,1,0,2,0,5,1,2,4,1,0,6,4,6
yHMPu5000035335_candida_blattae_160928.max.cds,0,6,3,7,0,0,4,0,6,7,1,7,0,0,0,0,9,3,0,0,1,2,3,1,1,1,2,1,0,1,0,6,4,9,7,0,0,0,3,10,0,3,0,0,0,0,5,9,5,5,2,1,1,1,0,3,0,7,1,4,5,2,0,5,3,3
yHMPu5000035640_yamadazyma_philogaea_160519.max.cds,0,6,2,6,0,0,2,0,5,6,1,5,0,0,0,0,4,1,0,0,1,2,3,0,1,1,1,0,0,1,0,2,1,6,5,0,0,0,3,7,0,3,0,0,0,0,4,6,4,5,3,1,0,1,0,3,0,5,2,3,5,2,0,7,4,3
yHMPu5000035641_yamadazyma_scolyti_160613.max.cds,0,4,1,4,0,0,2,0,3,4,0,4,0,0,0,0,4,0,0,0,1,2,2,0,1,1,1,0,0,1,0,2,1,4,4,0,0,0,2,4,0,2,0,0,1,0,4,5,3,4,3,1,0,2,0,2,0,4,3,2,3,1,0,5,3,4
yHMPu5000035662_meyerozyma_caribbica_160613.max.cds,0,4,2,5,0,0,3,0,4,5,2,4,0,0,0,0,6,2,0,0,1,3,2,1,1,1,2,1,0,1,0,3,2,6,4,0,0,0,3,6,0,3,0,0,0,0,3,6,3,4,1,1,0,1,0,3,0,6,2,2,4,1,0,4,3,2
yHMPu5000035667_kurtzmaniella_cleridarum_160928.max.cds,0,17,6,18,0,0,6,0,14,14,1,15,0,0,0,0,8,2,0,0,3,8,7,1,1,1,1,0,1,1,0,2,1,18,12,0,0,0,5,20,0,4,0,0,0,0,11,18,8,12,10,3,0,2,0,4,1,15,4,6,13,4,0,20,13,9
yHMPu5000035677_kodamaea_ohmeri_160519.max.cds,0,13,5,12,0,0,5,0,10,12,3,11,0,0,0,0,15,4,0,0,2,5,5,1,1,1,3,2,1,2,0,12,8,18,10,0,0,0,4,16,0,4,0,0,0,0,8,13,6,9,2,1,0,2,0,3,0,10,2,4,9,2,0,5,3,3
yHMPu5000035679_candida_rhagii_160613.max.cds,0,5,2,6,0,0,2,0,5,4,1,5,0,0,0,0,3,1,0,0,1,3,3,0,1,1,1,0,0,1,0,1,1,3,5,0,0,0,2,5,0,2,0,0,0,0,4,5,3,4,6,1,0,1,0,2,0,6,2,2,4,1,0,6,4,6
yHMPu5000035681_candida_gotoi_160519.max.cds,0,5,2,6,0,0,2,0,4,5,1,5,0,0,0,0,2,1,0,0,1,2,3,0,1,1,1,0,0,1,0,1,1,3,5,0,0,0,2,6,0,2,0,0,0,0,4,5,4,4,5,1,0,1,0,2,0,6,3,3,5,1,0,7,4,6
yHMPu5000035707_candida_heveicola_160519.max.cds,0,6,3,7,0,0,3,0,5,8,2,7,0,0,0,0,7,3,0,0,1,3,3,1,1,1,2,1,0,1,0,6,4,7,6,0,0,0,3,9,0,3,0,0,0,0,5,8,4,5,2,1,0,1,0,2,0,7,1,2,4,2,0,3,2,3
yHMPu5000041678_debaryomyces_prosopidis_160928.max.cds,0,10,2,10,0,0,4,0,6,8,1,7,0,0,0,0,4,1,0,0,1,4,4,1,1,1,1,2,0,1,0,1,1,9,8,0,0,0,4,10,0,3,0,0,0,0,7,10,5,8,8,1,0,2,0,3,0,10,3,4,8,2,0,10,7,8
yHMPu5000041693_debaryomyces_nepalensis_160928.max.cds,0,11,2,10,0,0,3,0,7,8,1,7,0,0,0,0,6,1,0,0,1,4,4,1,1,1,1,1,0,1,0,2,1,13,8,0,0,0,4,11,0,3,0,0,0,0,6,9,5,8,8,2,0,2,0,4,0,8,4,8,7,2,0,10,7,6
yHMPu5000041713_debaryomyces_maramus_160928.max.cds,0,7,2,8,0,0,4,0,6,7,1,6,0,0,0,1,4,1,0,0,1,4,3,1,1,1,2,0,0,1,0,1,1,5,7,0,0,0,3,10,0,3,0,0,0,0,5,9,4,5,6,1,0,2,0,3,0,7,2,4,6,2,0,8,6,5
yHMPu5000041743_candida_hawaiiana_160928.max.cds,0,11,4,9,0,0,4,0,9,11,2,8,0,0,0,0,12,2,0,0,1,4,4,0,1,1,2,0,0,1,0,9,2,12,7,0,0,0,3,13,0,3,0,0,0,0,7,13,5,7,2,1,0,2,0,4,0,9,2,4,8,2,0,7,7,4
yHMPu5000041824_debaryomyces_subglobosus_160928.max.cds,0,11,2,9,0,0,4,0,6,7,1,7,0,0,0,0,4,1,0,0,1,4,4,1,1,1,1,1,0,1,0,1,1,7,8,0,0,0,4,11,0,3,0,0,0,0,6,9,5,8,9,1,0,2,0,3,0,8,3,5,6,2,0,9,7,7
yHMPu5000041829_debaryomyces_fabryi_160928.max.cds,0,10,2,9,0,0,4,0,6,7,1,7,0,0,0,0,4,1,0,0,1,4,4,1,1,1,1,1,0,1,0,1,1,8,8,0,0,0,4,11,0,3,0,0,0,0,6,9,5,8,9,1,0,2,0,3,0,8,3,4,7,2,0,9,7,7
yHMPu5000041833_candida_tammaniensis_160928.max.cds,0,4,1,4,0,0,2,0,3,3,1,3,0,0,0,0,3,1,0,0,1,2,2,0,1,1,1,0,0,1,0,1,1,2,4,0,0,0,2,4,0,2,0,0,0,0,4,5,2,4,4,1,0,2,0,2,0,4,3,2,3,1,0,5,3,5
yHMPu5000041840_candida_wancherniae_160928.max.cds,0,4,3,4,0,0,3,0,3,5,2,5,0,0,0,0,6,2,0,0,1,2,2,1,1,1,2,0,0,1,0,4,2,5,7,0,0,0,2,6,0,3,0,0,0,0,4,6,3,4,1,1,0,2,0,2,0,6,1,4,4,2,0,3,3,3
yHMPu5000041855_candida_ascalaphidarum_160928.max.cds,0,5,3,6,0,0,3,0,5,7,3,6,0,0,0,0,7,3,0,0,1,3,3,1,1,1,2,1,1,2,0,6,5,7,5,0,0,0,3,10,0,2,0,0,0,0,4,7,3,5,2,1,0,2,0,2,0,5,1,2,2,1,0,2,3,2
yHMPu5000041862_candida_golubevii_160928.max.cds,0,4,3,3,0,0,4,0,4,6,2,5,0,0,0,0,5,2,0,0,1,3,3,1,1,1,2,1,0,2,0,6,2,7,7,0,0,0,2,7,0,3,0,0,0,0,3,5,4,5,1,1,0,1,0,3,0,7,2,2,5,2,0,3,3,3
yHMPu5000041863_candida_gorgasii_160928.max.cds,0,4,1,4,0,0,2,0,3,3,1,3,0,0,0,0,1,0,0,0,1,2,2,0,1,1,1,0,0,1,0,1,1,2,4,0,0,0,2,4,0,2,0,0,0,0,4,4,2,4,5,1,0,2,0,2,0,4,3,2,3,2,0,5,3,5
