Species	TTT	TTC	TTA	TTG	TCT	TCC	TCA	TCG	TAT	TAC	TGT	TGC	TGG	CTT	CTC	CTA	CTG	CCT	CCC	CCA	CCG	CAT	CAC	CAA	CAG	CGT	CGC	CGA	CGG	ATT	ATC	ATA	ACT	ACC	ACA	ACG	AAT	AAC	AAA	AAG	AGT	AGC	AGA	AGG	GTT	GTC	GTA	GTG	GCT	GCC	GCA	GCG	GAT	GAC	GAA	GAG	GGT	GGC	GGA	GGG
alloascoidea_hylecoeti.max.cds	8	8	8	12	7	7	11	5	6	6	3	3	5	4	4	6	3	3	3	14	12	5	5	6	8	3	3	5	3	9	9	12	9	9	15	7	8	8	8	13	4	4	8	10	11	11	13	3	8	8	13	6	11	11	8	11	10	10	4	5
ambrosiozyma_kashinagacola.max.cds	5	5	4	7	4	4	6	3	4	4	2	2	7	1	1	2	2	0	0	5	5	3	3	5	6	2	2	2	1	4	4	5	4	4	5	2	3	3	3	9	1	1	5	5	5	5	5	1	4	4	6	2	5	5	4	6	6	6	1	2
ambrosiozyma_monospora.max.cds	9	9	4	17	12	12	19	8	10	10	5	5	4	4	4	7	6	0	0	12	12	8	8	9	11	2	2	2	1	12	12	14	12	12	16	5	10	10	6	21	5	5	12	12	15	15	15	3	11	11	15	4	15	15	14	18	16	16	4	4
arxula_adeninivorans.max.cds	4	4	1	3	5	5	6	3	5	5	2	2	3	4	4	5	5	5	5	7	3	4	4	1	5	4	4	8	5	7	7	8	5	5	6	2	5	5	2	10	2	2	2	3	5	5	7	5	7	7	9	3	6	6	2	8	6	6	5	6
ascoidea_asiatica.max.cds	11	11	14	16	10	10	17	8	10	10	5	5	6	3	3	4	NA	2	2	11	9	6	6	7	9	3	3	4	2	14	14	19	10	10	15	7	12	12	13	16	6	6	10	11	13	13	17	5	8	8	15	7	12	12	12	14	15	15	5	5
ascoidea_rubescens.max.cds	7	7	7	10	6	6	10	5	5	5	4	4	4	2	2	3	NA	1	1	8	7	3	3	5	6	3	3	4	2	8	8	11	5	5	8	4	9	9	8	11	3	3	5	7	7	7	9	3	6	6	9	4	8	8	8	9	10	10	3	4
ashbya_aceri.max.cds	6	6	2	9	7	7	9	5	5	5	3	3	5	1	1	4	5	1	1	8	7	5	5	4	8	4	4	4	2	9	9	10	7	7	9	4	7	7	3	12	3	3	6	7	7	7	9	6	7	7	12	7	10	10	3	11	11	11	2	4
babjeviella_inositovora.max.cds	16	16	3	22	18	18	20	5	9	9	6	6	7	7	7	8	NA	0	0	16	16	11	11	6	16	10	10	10	0	19	19	19	16	16	19	6	13	13	6	35	6	6	16	17	18	18	21	8	18	18	21	7	17	17	16	25	22	22	3	8
brettanomyces_anomalus.max.cds	4	4	1	4	3	3	5	3	2	2	2	2	2	2	2	4	3	0	0	5	5	2	2	1	3	1	1	1	1	3	3	4	4	4	5	2	3	3	2	7	2	2	3	4	4	4	4	1	3	3	6	3	4	4	2	6	5	5	2	2
candida_albicans.max.cds	5	5	5	11	4	4	7	4	4	4	2	2	2	2	2	2	NA	1	1	6	5	2	2	4	5	2	2	2	1	5	5	6	4	4	6	3	4	4	5	7	2	2	5	6	6	6	7	2	6	6	8	2	6	6	7	8	6	6	2	3
candida_apicola.max.cds	3	3	1	3	3	3	5	3	2	2	1	1	2	2	2	3	2	2	2	3	2	2	2	1	4	5	5	6	2	1	1	2	3	3	5	3	4	4	2	6	2	2	1	2	4	4	5	2	4	4	6	3	4	4	2	7	4	4	1	2
candida_arabinofermentans.max.cds	4	4	4	8	4	4	7	4	3	3	2	2	3	1	1	3	3	0	0	5	5	3	3	4	5	2	2	2	1	5	5	6	4	4	6	3	4	4	4	9	2	2	6	6	6	6	6	1	4	4	7	3	5	5	5	6	6	6	2	2
candida_auris.max.cds	6	6	2	10	6	6	7	3	5	5	3	3	4	3	3	3	NA	2	2	7	5	4	4	2	6	3	3	3	1	8	8	9	7	7	9	3	5	5	3	10	2	2	7	8	6	6	7	4	8	8	12	5	8	8	4	10	9	9	2	3
candida_boidinii_JCM9604.max.cds	7	7	10	11	7	7	11	5	5	5	4	4	5	2	2	3	2	1	1	9	8	5	5	5	6	3	3	3	1	8	8	10	7	7	11	5	7	7	8	14	3	3	7	8	10	10	11	2	7	7	11	4	9	9	12	13	11	11	2	2
candida_carpophila.max.cds	4	4	1	6	4	4	6	4	3	3	3	3	2	2	2	2	NA	2	2	6	4	3	3	3	5	3	3	3	1	5	5	6	4	4	5	2	4	4	2	7	3	3	5	6	4	4	5	3	5	5	7	3	6	6	4	7	6	6	3	4
candida_dubliniensis.max.cds	5	5	5	10	4	4	7	4	4	4	2	2	2	2	2	2	NA	1	1	6	5	3	3	4	5	2	2	2	1	6	6	7	5	5	7	3	4	4	5	8	1	1	5	6	8	8	9	2	6	6	8	2	6	6	7	8	6	6	2	3
candida_glabrata.max.cds	6	6	3	11	9	9	11	3	6	6	3	3	5	1	1	4	4	1	1	8	7	6	6	6	8	4	4	4	1	9	9	11	9	9	12	4	9	9	3	15	3	3	9	10	10	10	12	3	10	10	15	5	9	9	9	12	12	12	2	3
candida_homilentoma.max.cds	5	5	3	10	7	7	9	3	4	4	3	3	3	2	2	2	NA	1	1	7	6	4	4	3	5	3	3	3	1	6	6	7	6	6	7	2	5	5	5	10	3	3	7	8	6	6	7	3	6	6	9	3	7	7	6	7	8	8	2	3
candida_infanticola.max.cds	10	10	1	3	4	4	7	5	3	3	2	2	3	3	3	6	5	3	3	4	2	10	10	1	4	7	7	8	2	4	4	5	4	4	7	4	5	5	3	7	2	2	1	2	5	5	6	3	6	6	12	7	11	11	3	8	7	7	1	2
candida_intermedia.max.cds	7	7	2	13	6	6	7	3	6	6	3	3	4	3	3	3	NA	1	1	7	6	4	4	3	7	4	4	4	1	9	9	10	7	7	8	2	6	6	3	15	3	3	8	9	9	9	10	4	8	8	12	4	11	11	4	13	12	12	3	4
candida_orthopsilosis.max.cds	2	2	3	4	2	2	4	3	3	3	1	1	1	1	1	1	NA	1	1	4	3	1	1	3	4	2	2	2	1	4	4	5	4	4	6	3	3	3	4	7	1	1	2	3	4	4	5	2	3	3	5	2	5	5	2	3	2	2	1	1
candida_parapsilosis.max.cds	3	3	2	5	2	2	4	3	3	3	1	1	2	1	1	1	NA	1	1	4	3	2	2	3	4	2	2	2	1	4	4	5	4	4	6	3	3	3	3	6	1	1	3	4	4	4	5	2	3	3	5	2	5	5	4	5	4	4	2	2
candida_sojae.max.cds	6	6	5	10	5	5	8	3	7	7	3	3	4	2	2	2	NA	1	1	5	4	3	3	5	6	4	4	4	1	7	7	9	5	5	7	3	7	7	6	9	3	3	9	10	0	0	1	2	7	7	10	3	3	3	12	13	8	8	2	2
candida_sorboxylosa.max.cds	7	7	7	12	6	6	8	3	5	5	3	3	4	2	2	4	3	0	0	7	7	3	3	5	6	2	2	2	1	9	9	11	7	7	8	2	7	7	5	13	3	3	7	8	7	7	8	3	6	6	11	5	9	9	9	11	11	11	3	3
candida_succiphila.max.cds	3	3	1	3	3	3	4	2	2	2	1	1	2	1	1	2	2	1	1	4	3	2	2	3	4	2	2	2	1	3	3	4	2	2	3	2	3	3	3	6	1	1	3	4	3	3	4	2	3	3	4	2	3	3	3	4	5	5	2	3
candida_tanzawaensis.max.cds	10	10	5	17	11	11	14	5	8	8	4	4	5	4	4	4	NA	2	2	12	10	6	6	7	9	4	4	4	1	11	11	13	11	11	13	3	9	9	4	16	4	4	10	11	13	13	15	5	12	12	16	5	14	14	12	15	16	16	5	6
candida_tenuis.max.cds	5	5	2	7	4	4	6	3	4	4	3	3	2	1	1	1	NA	1	1	4	3	3	3	3	4	1	1	1	1	4	4	6	3	3	5	3	5	5	3	7	3	3	5	6	4	4	5	3	4	4	6	3	5	5	5	6	5	5	3	3
candida_tropicalis.max.cds	8	8	5	11	7	7	10	4	5	5	2	2	5	2	2	2	NA	1	1	8	7	4	4	7	8	2	2	2	1	9	9	11	8	8	10	3	7	7	8	13	3	3	8	9	11	11	12	1	9	9	13	4	9	9	11	12	9	9	3	3
candida_versatilis.max.cds	2	2	1	2	1	1	2	2	2	2	1	1	2	2	2	3	2	1	1	2	2	2	2	1	3	3	3	4	2	3	3	4	2	2	3	3	2	2	1	4	1	1	1	2	2	2	3	2	3	3	4	2	3	3	1	4	3	3	1	2
clavispora_lusitaniae.max.cds	8	8	2	13	7	7	8	3	7	7	3	3	4	3	3	3	NA	1	1	8	7	4	4	5	8	4	4	4	1	9	9	11	7	7	9	3	6	6	3	13	3	3	7	8	10	10	11	4	9	9	12	4	10	10	6	12	12	12	3	4
cyberlindnera_fabianii_JCM3601.max.cds	5	5	1	7	6	6	7	2	4	4	2	2	4	5	5	6	2	0	0	6	6	3	3	2	7	4	4	4	1	7	7	8	6	6	8	3	5	5	2	10	2	2	6	6	7	7	8	3	8	8	10	2	8	8	2	10	9	9	1	2
cyberlindnera_jadinii.max.cds	6	6	1	8	6	6	8	3	4	4	1	1	4	4	4	5	2	0	0	6	6	3	3	5	7	4	4	4	1	6	6	7	6	6	8	3	6	6	3	10	2	2	5	5	8	8	9	3	6	6	9	3	7	7	4	10	9	9	2	3
debaryomyces_hansenii.max.cds	8	8	9	13	6	6	9	4	6	6	4	4	4	2	2	2	NA	1	1	8	7	5	5	7	8	4	4	4	1	9	9	11	8	8	10	3	8	8	7	17	3	3	9	10	10	10	11	2	7	7	11	5	9	9	9	10	11	11	4	5
dekkera_bruxellensis.max.cds	3	3	1	3	2	2	2	1	1	1	0	0	2	2	2	4	3	0	0	5	5	3	3	1	3	1	1	1	2	1	1	2	2	2	2	1	2	2	2	5	2	2	5	6	4	4	4	1	3	3	6	3	4	4	1	3	3	3	1	1
eremothecium_coryli.max.cds	6	6	2	10	7	7	9	3	6	6	3	3	4	2	2	2	3	1	1	7	6	3	3	7	8	3	3	3	1	8	8	9	8	8	10	3	7	7	3	13	3	3	7	8	9	9	11	4	7	7	12	5	9	9	5	11	12	12	2	4
eremothecium_cymbalariae.max.cds	6	6	2	10	5	5	7	3	6	6	3	3	4	1	1	2	3	1	1	7	6	3	3	4	7	3	3	3	1	6	6	7	4	4	5	2	5	5	3	9	3	3	5	6	5	5	6	3	5	5	8	4	6	6	5	8	8	8	2	3
eremothecium_gossypii.max.cds	6	6	2	9	7	7	9	5	5	5	3	3	5	1	1	6	7	1	1	8	7	5	5	4	6	4	4	4	2	9	9	10	7	7	9	4	7	7	3	12	3	3	6	7	10	10	12	6	7	7	11	6	10	10	3	11	12	12	2	4
eremothecium_sinecaudum.max.cds	5	5	2	8	5	5	7	3	6	6	3	3	3	1	1	2	3	1	1	6	5	3	3	4	5	3	3	3	1	6	6	7	5	5	7	3	6	6	3	10	3	3	5	6	7	7	9	4	4	4	8	4	8	8	7	10	8	8	2	4
geotrichum_candidum.max.cds	13	13	4	8	14	14	17	6	11	11	4	4	7	15	15	17	6	11	11	14	6	8	8	6	13	12	12	14	4	17	17	19	15	15	17	4	11	11	4	23	6	6	9	11	18	18	19	4	18	18	20	4	16	16	8	29	23	23	4	5
hanseniaspora_uvarum.max.cds	4	4	5	7	5	5	6	2	3	3	1	1	2	1	1	1	1	0	0	4	4	2	2	4	5	1	1	1	1	5	5	6	5	5	6	2	4	4	4	12	2	2	6	6	6	6	7	1	6	6	7	1	7	7	7	8	7	7	1	1
hanseniaspora_valbyensis.max.cds	3	3	5	8	4	4	5	2	3	3	1	1	2	1	1	1	1	0	0	4	4	2	2	4	5	1	1	1	1	5	5	6	4	4	5	2	4	4	4	8	1	1	4	4	3	3	4	1	4	4	5	1	4	4	7	8	6	6	1	1
hanseniaspora_vinae.max.cds	9	9	3	12	7	7	9	3	5	5	2	2	4	0	0	3	3	0	0	7	7	4	4	6	7	1	1	1	1	10	10	12	7	7	9	3	6	6	11	13	3	3	8	8	10	10	11	2	7	7	11	4	9	9	11	12	10	10	2	4
hyphopichia_burtonii.max.cds	6	6	7	10	6	6	9	4	5	5	3	3	4	2	2	2	NA	1	1	8	7	5	5	6	7	3	3	3	1	9	9	11	7	7	8	2	6	6	8	11	3	3	7	8	9	9	10	2	7	7	10	3	8	8	9	10	11	11	3	4
kazachstania_africana.max.cds	9	9	14	16	11	11	15	5	9	9	5	5	6	2	2	4	2	1	1	11	10	6	6	9	10	4	4	4	1	13	13	15	11	11	14	4	10	10	8	20	4	4	11	12	13	13	15	3	12	12	17	5	13	13	15	17	17	17	4	5
kazachstania_naganishii.max.cds	6	6	3	8	7	7	8	2	5	5	4	4	4	1	1	4	3	1	1	7	6	4	4	4	6	3	3	3	1	7	7	9	7	7	9	3	6	6	4	11	3	3	6	7	7	7	8	3	7	7	8	2	8	8	5	8	9	9	1	3
kluyveromyces_lactis.max.cds	5	5	3	10	6	6	8	3	5	5	3	3	4	1	1	2	3	1	1	8	7	4	4	6	7	3	3	3	1	7	7	8	6	6	8	3	6	6	4	13	2	2	7	8	7	7	8	3	7	7	10	3	8	8	8	10	7	7	2	3
kluyveromyces_marxianus.max.cds	5	5	3	11	7	7	9	3	5	5	3	3	4	1	1	2	3	1	1	8	7	4	4	6	7	3	3	3	1	8	8	9	7	7	9	3	7	7	3	13	2	2	7	8	8	8	9	3	7	7	11	4	8	8	8	10	8	8	2	3
komagataella_pastoris.max.cds	5	5	1	4	4	4	6	3	4	4	2	2	3	2	2	3	3	2	2	6	5	3	3	3	5	2	2	3	2	5	5	6	5	5	6	2	4	4	3	8	2	2	4	5	5	5	6	2	5	5	7	2	6	6	5	9	5	5	3	4
kuraishia_capsulata.max.cds	3	3	1	4	2	2	4	3	1	1	2	2	2	2	2	3	2	1	1	4	3	2	2	2	3	2	2	2	1	3	3	4	3	3	4	2	3	3	2	5	1	1	3	4	3	3	4	2	3	3	5	3	4	4	2	4	3	3	1	2
lachancea_cidri.max.cds	7	7	2	10	7	7	9	3	5	5	4	4	4	1	1	2	2	2	2	9	7	5	5	6	7	4	4	4	1	10	10	11	8	8	10	3	7	7	4	13	3	3	8	9	9	9	10	4	9	9	11	3	9	9	8	12	11	11	2	4
lachancea_dasiensis.max.cds	7	7	2	10	8	8	9	3	6	6	3	3	4	2	2	3	3	2	2	9	7	6	6	8	10	4	4	4	1	9	9	10	7	7	9	3	6	6	5	15	3	3	8	9	10	10	11	4	10	10	12	4	10	10	9	13	12	12	3	4
lachancea_fantastica.max.cds	7	7	1	8	8	8	9	3	6	6	3	3	4	2	2	4	4	2	2	9	7	6	6	5	9	4	4	4	1	9	9	10	7	7	9	3	7	7	5	15	3	3	8	9	9	9	10	4	9	9	11	4	10	10	8	12	13	13	3	4
lachancea_fermentati.max.cds	7	7	2	10	7	7	9	3	5	5	4	4	4	1	1	3	3	2	2	10	8	6	6	6	8	4	4	4	1	10	10	11	8	8	10	3	7	7	4	14	3	3	8	9	10	10	11	4	11	11	13	3	9	9	8	12	12	12	3	5
lachancea_kluyveri.max.cds	8	8	3	14	11	11	13	3	7	7	5	5	5	1	1	3	4	1	1	11	10	6	6	10	11	5	5	5	1	12	12	13	11	11	13	3	9	9	5	19	4	4	12	13	14	14	15	4	13	13	17	4	13	13	13	16	15	15	2	4
lachancea_lanzarotensis.max.cds	7	7	1	8	8	8	9	3	6	6	3	3	4	2	2	4	4	2	2	9	7	5	5	5	9	4	4	4	1	9	9	10	7	7	9	3	7	7	5	15	3	3	8	9	9	9	10	4	9	9	11	4	10	10	8	12	13	13	3	4
lachancea_meyersii.max.cds	7	7	1	9	9	9	10	3	6	6	3	3	5	2	2	4	4	2	2	9	7	6	6	5	9	4	4	4	1	9	9	10	8	8	10	3	7	7	5	15	3	3	8	9	10	10	11	4	9	9	11	4	10	10	8	14	13	13	3	4
lachancea_mirantina.max.cds	7	7	2	10	8	8	10	4	6	6	4	4	5	3	3	4	4	2	2	9	7	5	5	5	7	4	4	4	1	10	10	11	7	7	9	4	8	8	4	14	3	3	8	9	9	9	10	4	8	8	11	5	9	9	8	13	11	11	4	6
lachancea_nothofagi.max.cds	7	7	2	11	8	8	9	3	5	5	3	3	4	2	2	3	3	2	2	9	7	4	4	6	9	4	4	4	1	9	9	10	8	8	10	3	7	7	5	14	3	3	8	9	12	12	13	4	9	9	11	4	10	10	8	12	12	12	3	5
lachancea_quebecensis.max.cds	7	7	2	10	9	9	11	4	6	6	4	4	5	2	2	3	6	2	2	10	8	5	5	5	10	4	4	4	1	10	10	11	9	9	11	3	7	7	4	17	3	3	9	10	11	11	12	4	10	10	13	5	10	10	6	17	15	15	3	5
lachancea_thermotolerans.max.cds	7	7	2	10	9	9	11	4	6	6	4	4	5	2	2	3	6	2	2	10	8	5	5	5	10	4	4	4	1	10	10	11	9	9	11	3	8	8	5	18	3	3	9	10	11	11	12	4	10	10	13	5	10	10	6	17	15	15	3	5
lachancea_waltii.max.cds	7	7	2	2	9	9	11	4	6	6	4	4	5	2	2	4	6	2	2	9	7	4	4	6	10	4	4	4	0	10	10	11	10	10	12	4	8	8	4	16	5	5	9	10	12	12	13	5	11	11	14	4	10	10	7	16	15	15	3	5
lipomyces_starkeyi.max.cds	3	3	1	3	3	3	4	3	2	2	1	1	2	4	4	5	2	2	2	4	3	2	2	1	3	3	3	5	3	4	4	4	4	4	5	2	3	3	1	5	2	2	1	2	4	4	4	2	3	3	5	4	4	4	2	5	5	5	2	3
lodderomyces_elongisporus.max.cds	4	4	3	6	2	2	5	4	3	3	1	1	2	2	2	2	NA	1	1	4	3	2	2	4	5	2	2	2	1	6	6	7	2	2	4	4	3	3	3	8	2	2	4	5	4	4	5	2	4	4	6	2	5	5	4	6	5	5	3	3
metschnikowia_aberdeeniae.max.cds	8	8	2	11	9	9	11	4	7	7	3	3	3	3	3	3	NA	2	2	8	6	4	4	4	7	4	4	4	1	9	9	10	6	6	8	3	7	7	4	13	3	3	8	9	9	9	10	5	10	10	14	4	9	9	4	11	9	9	4	4
metschnikowia_arizonensis.max.cds	6	6	2	7	5	5	5	3	13	13	4	4	3	3	3	3	NA	3	3	9	6	4	4	5	7	3	3	3	1	7	7	9	4	4	6	3	6	6	3	9	3	3	7	8	5	5	6	3	5	5	9	4	9	9	5	9	8	8	4	4
metschnikowia_bicuspidata.max.cds	8	8	2	19	10	10	12	5	6	6	3	3	4	4	4	4	NA	4	4	10	6	5	5	5	10	6	6	6	2	13	13	14	10	10	12	5	8	8	3	14	3	3	9	10	12	12	14	6	13	13	17	6	12	12	5	17	15	15	3	4
metschnikowia_borealis.max.cds	7	7	1	10	6	6	7	3	22	22	3	3	3	3	3	3	NA	2	2	8	6	4	4	4	6	3	3	3	1	7	7	9	5	5	7	3	8	8	3	10	3	3	8	9	5	5	6	4	8	8	11	3	8	8	5	12	8	8	4	4
metschnikowia_bowlesiae.max.cds	3	3	1	7	5	5	7	4	45	45	3	3	3	3	3	3	NA	2	2	7	5	4	4	7	12	7	7	7	1	6	6	6	5	5	8	4	7	7	3	10	3	3	6	7	5	5	6	4	7	7	11	4	7	7	4	9	9	9	4	4
metschnikowia_cerradonensis.max.cds	7	7	1	9	6	6	7	3	17	17	3	3	3	3	3	3	NA	2	2	8	6	4	4	4	6	3	3	3	1	8	8	9	5	5	7	3	6	6	4	10	3	3	8	9	5	5	6	4	8	8	11	3	9	9	5	12	8	8	4	4
metschnikowia_continentalis.max.cds	8	8	1	8	6	6	7	3	19	19	3	3	3	3	3	3	NA	2	2	8	6	4	4	4	7	3	3	3	1	9	9	9	4	4	6	3	7	7	3	10	3	3	10	11	5	5	6	4	8	8	11	3	9	9	4	11	9	9	4	4
metschnikowia_dekortum.max.cds	5	5	1	7	5	5	7	4	35	35	3	3	3	3	3	3	NA	2	2	7	5	5	5	7	12	3	3	3	1	5	5	6	5	5	8	4	5	5	4	11	3	3	6	7	5	5	6	4	7	7	11	4	8	8	4	9	8	8	4	4
metschnikowia_drakensbergensis.max.cds	8	8	2	10	8	8	10	4	17	17	3	3	3	3	3	3	NA	2	2	8	6	4	4	4	6	3	3	3	1	7	7	9	5	5	7	3	7	7	4	12	3	3	8	9	6	6	7	3	7	7	12	5	8	8	5	11	9	9	4	4
metschnikowia_hamakuensis.max.cds	15	15	1	9	7	7	12	7	61	61	3	3	3	3	3	3	NA	2	2	9	7	4	4	4	7	4	4	4	2	11	11	10	6	6	9	4	7	7	5	13	3	3	12	13	7	7	8	4	8	8	15	7	9	9	5	11	9	9	4	4
metschnikowia_hawaiiensis.max.cds	10	10	3	11	7	7	9	4	58	58	3	3	3	3	3	3	NA	6	6	12	6	4	4	4	7	4	4	4	2	9	9	10	6	6	11	6	6	6	5	13	3	3	11	13	7	7	8	5	8	8	13	5	9	9	5	12	9	9	5	5
metschnikowia_hibisci.max.cds	8	8	2	9	5	5	6	3	6	6	3	3	3	3	3	3	NA	2	2	7	5	4	4	4	7	3	3	3	1	6	6	8	5	5	7	3	6	6	4	11	3	3	8	9	6	6	7	4	6	6	10	4	8	8	4	10	8	8	3	3
metschnikowia_ipomoeae.max.cds	7	7	1	8	4	4	5	3	21	21	3	3	3	3	3	3	NA	2	2	8	6	4	4	4	6	3	3	3	1	10	10	9	5	5	7	3	7	7	4	10	3	3	9	10	5	5	6	4	8	8	13	5	8	8	5	12	8	8	4	4
metschnikowia_kamakouana.max.cds	8	8	1	8	6	6	8	4	22	22	3	3	3	3	3	3	NA	2	2	8	6	4	4	4	6	3	3	3	1	8	8	9	5	5	7	3	6	6	5	12	3	3	8	9	6	6	7	4	8	8	12	4	9	9	5	12	8	8	4	4
metschnikowia_kipukae.max.cds	6	6	2	9	5	5	7	3	6	6	3	3	3	3	3	3	NA	2	2	8	6	4	4	4	6	3	3	3	1	6	6	8	5	5	7	3	6	6	3	11	3	3	7	8	6	6	7	3	6	6	10	4	8	8	6	12	8	8	3	3
metschnikowia_lockheadii.max.cds	7	7	1	9	5	5	6	3	17	17	3	3	3	3	3	3	NA	2	2	8	6	4	4	4	6	3	3	3	1	8	8	9	5	5	7	3	5	5	3	10	3	3	7	8	5	5	6	4	8	8	11	3	8	8	5	12	9	9	5	5
metschnikowia_matae.max.cds	7	7	1	8	6	6	7	3	19	19	3	3	3	3	3	3	NA	2	2	8	6	4	4	4	6	3	3	3	1	7	7	9	5	5	7	3	7	7	5	12	3	3	9	10	5	5	6	4	8	8	11	3	8	8	5	12	8	8	4	4
metschnikowia_matae_maris.max.cds	7	7	1	8	5	5	6	3	20	20	3	3	3	3	3	3	NA	2	2	8	6	4	4	4	6	3	3	3	1	7	7	9	5	5	7	3	8	8	4	13	3	3	9	10	5	5	6	4	8	8	11	3	8	8	5	12	8	8	4	4
metschnikowia_mauinuiana.max.cds	9	9	1	9	6	6	9	5	55	55	3	3	3	3	3	3	NA	3	3	10	7	6	6	4	7	4	4	4	2	11	11	10	6	6	9	4	7	7	4	14	3	3	8	10	7	7	8	3	8	8	13	5	9	9	5	12	9	9	4	4
metschnikowia_proteae.max.cds	8	8	2	11	6	6	8	4	16	16	3	3	3	3	3	3	NA	2	2	8	6	4	4	4	6	3	3	3	1	8	8	9	6	6	8	3	6	6	4	12	3	3	9	10	6	6	7	3	7	7	11	4	9	9	6	13	9	9	4	4
metschnikowia_santaceciliae.max.cds	7	7	1	9	6	6	7	3	16	16	3	3	3	3	3	3	NA	2	2	8	6	4	4	4	6	2	2	2	1	11	11	12	4	4	6	3	7	7	4	11	3	3	9	10	5	5	6	4	8	8	12	4	8	8	5	12	8	8	4	4
metschnikowia_shivogae.max.cds	7	7	2	10	6	6	7	3	7	7	3	3	3	3	3	3	NA	2	2	7	5	4	4	4	7	3	3	3	1	12	12	14	6	6	8	3	6	6	3	10	3	3	7	8	6	6	7	4	7	7	11	4	8	8	4	11	9	9	3	3
metschnikowia_similis.max.cds	4	4	1	7	5	5	7	4	37	37	3	3	3	3	3	3	NA	2	2	7	5	4	4	7	12	4	4	4	1	6	6	6	5	5	8	4	6	6	4	11	3	3	6	7	5	5	6	4	7	7	11	4	8	8	4	9	8	8	3	3
meyerozyma_guilliermondii.max.cds	4	4	1	6	4	4	6	4	3	3	3	3	2	2	2	2	NA	2	2	6	4	3	3	3	5	3	3	3	1	5	5	6	4	4	5	2	4	4	2	7	3	3	5	6	3	3	4	3	5	5	7	3	6	6	4	7	6	6	3	4
millerozyma_acaciae.max.cds	5	5	4	10	5	5	7	3	5	5	3	3	3	2	2	2	NA	1	1	6	5	4	4	5	7	3	3	3	1	7	7	9	6	6	8	3	5	5	5	12	3	3	6	7	7	7	8	2	5	5	9	5	8	8	6	9	9	9	3	4
nadsonia_fulvescens_var_elongata.max.cds	22	22	12	18	22	22	26	8	17	17	9	9	10	21	21	24	5	24	24	27	6	14	14	20	23	19	19	22	5	32	32	34	26	26	31	7	18	18	7	41	8	8	17	19	30	30	33	7	39	39	43	7	27	27	30	35	39	39	7	8
nakaseomyces_bacillisporus.max.cds	4	4	6	10	6	6	8	3	5	5	3	3	4	1	1	1	1	1	1	8	7	4	4	7	8	3	3	3	1	7	7	9	5	5	7	3	7	7	6	15	3	3	7	8	10	10	12	4	7	7	11	4	10	10	9	11	9	9	2	3
nakaseomyces_bracarensis.max.cds	8	8	3	12	9	9	11	3	5	5	4	4	5	1	1	4	4	1	1	9	8	6	6	7	9	4	4	4	1	11	11	13	9	9	12	4	8	8	3	16	3	3	9	10	12	12	14	3	11	11	16	5	12	12	11	15	13	13	2	3
nakaseomyces_castellii.max.cds	5	5	2	7	5	5	6	2	4	4	3	3	3	1	1	2	2	2	2	7	5	4	4	4	6	3	3	3	1	6	6	7	5	5	7	3	5	5	3	9	2	2	4	5	6	6	7	3	5	5	7	3	7	7	4	8	8	8	2	3
nakaseomyces_delphensis.max.cds	6	6	3	10	9	9	11	3	6	6	4	4	5	1	1	4	4	1	1	8	7	6	6	6	8	4	4	4	1	10	10	12	8	8	11	4	5	5	3	10	3	3	9	10	10	10	12	3	4	4	9	6	11	11	10	14	12	12	2	3
nakaseomyces_nivariensis.max.cds	8	8	3	13	10	10	12	3	6	6	4	4	5	1	1	4	4	1	1	10	9	6	6	7	9	4	4	4	1	11	11	13	10	10	13	4	9	9	3	17	3	3	10	11	13	13	15	3	12	12	17	5	12	12	11	15	14	14	2	3
naumovozyma_castellii.max.cds	10	10	7	16	12	12	16	5	9	9	4	4	7	2	2	5	3	1	1	11	10	8	8	9	10	5	5	5	2	12	12	14	11	11	14	5	10	10	8	22	4	4	10	11	13	13	15	4	12	12	17	5	14	14	13	14	13	13	3	5
naumovozyma_dairenensis.max.cds	9	9	9	17	11	11	14	4	9	9	5	5	5	1	1	5	4	1	1	12	11	7	7	10	11	5	5	5	2	12	12	14	11	11	16	7	9	9	8	20	5	5	11	12	14	14	16	4	10	10	15	5	13	13	13	14	12	12	3	4
ogataea_methanolica.max.cds	5	5	6	9	5	5	9	5	5	5	3	3	3	1	1	3	3	0	0	6	6	4	4	5	7	2	2	2	1	6	6	7	6	6	8	3	5	5	4	10	2	2	7	7	9	9	9	1	6	6	9	3	8	8	6	7	8	8	2	2
ogataea_parapolymorpha.max.cds	3	3	1	4	2	2	3	2	2	2	1	1	2	1	1	2	2	0	0	3	3	2	2	2	3	2	2	2	1	4	4	5	3	3	4	2	2	2	2	5	2	2	3	4	3	3	3	1	3	3	5	2	3	3	2	5	4	4	2	2
ogataea_polymorpha.max.cds	3	3	1	4	2	2	3	2	2	2	1	1	2	1	1	2	2	0	0	3	3	2	2	2	3	2	2	2	1	4	4	5	3	3	4	2	2	2	2	5	2	2	3	4	3	3	3	1	3	3	5	2	3	3	2	5	4	4	2	2
pichia_membranifaciens.max.cds	6	6	4	9	5	5	8	4	5	5	3	3	4	2	2	3	3	0	0	7	7	4	4	5	6	2	2	2	1	8	8	10	6	6	8	3	6	6	4	11	2	2	7	8	6	6	7	2	4	4	10	6	7	7	7	10	8	8	2	3
priceomyces_haplophilus.max.cds	4	4	3	8	4	4	6	3	3	3	3	3	2	2	2	2	NA	1	1	4	4	3	3	4	5	2	2	2	1	5	5	7	4	4	6	3	4	4	3	9	2	2	4	5	5	5	6	2	4	4	7	3	5	5	4	6	6	6	2	3
saccharomyces_arboricola.max.cds	10	10	8	17	10	10	14	5	8	8	4	4	7	1	1	3	3	2	2	12	10	7	7	9	10	6	6	6	1	11	11	13	11	11	14	4	10	10	7	20	4	4	11	12	14	14	16	4	11	11	16	5	16	16	14	16	16	16	3	5
saccharomyces_cerevisiae.max.cds	10	10	7	17	11	11	14	4	8	8	4	4	6	1	1	3	3	2	2	12	10	7	7	9	10	6	6	6	1	13	13	15	11	11	15	5	10	10	7	21	4	4	11	12	14	14	16	4	11	11	16	5	16	16	14	16	16	16	3	5
saccharomyces_eubayanus.max.cds	10	10	8	19	14	14	18	5	8	8	4	4	7	1	1	2	2	2	2	12	10	7	7	9	10	6	6	6	1	13	13	15	11	11	15	5	10	10	7	21	4	4	11	12	14	14	16	4	12	12	17	5	16	16	14	16	15	15	3	5
saccharomyces_kudriavzevii.max.cds	9	9	6	16	10	10	14	5	7	7	4	4	5	1	1	3	3	2	2	12	10	7	7	9	10	6	6	6	1	11	11	13	10	10	13	4	10	10	7	21	4	4	9	10	13	13	15	4	11	11	16	5	13	13	12	14	16	16	2	4
saccharomyces_mikatae.max.cds	10	10	7	16	10	10	13	4	8	8	4	4	6	0	0	3	3	2	2	13	11	7	7	9	10	6	6	6	1	11	11	12	11	11	15	5	10	10	6	20	4	4	11	12	13	13	15	4	11	11	16	5	16	16	14	16	16	16	2	4
saccharomyces_paradoxus.max.cds	10	10	7	8	12	12	15	4	8	8	4	4	6	1	1	3	3	2	2	13	11	7	7	9	10	6	6	6	1	13	13	15	11	11	15	5	11	11	7	21	4	4	12	13	14	14	16	4	12	12	17	5	15	15	14	16	16	16	3	5
saccharomyces_uvarum.max.cds	10	10	8	16	13	13	17	5	8	8	3	3	7	1	1	3	3	2	2	12	10	6	6	9	10	6	6	6	1	13	13	15	10	10	14	5	10	10	7	21	4	4	11	12	13	13	15	4	12	12	17	5	16	16	14	16	16	16	3	5
saccharomycopsis_malanga.max.cds	7	7	2	9	6	6	8	8	6	6	3	3	4	4	4	5	NA	0	0	8	8	5	5	5	8	4	4	4	1	9	9	11	8	8	11	4	7	7	6	14	4	4	7	7	9	9	11	4	7	7	11	4	10	10	7	11	9	9	4	4
saprochaete_clavata.max.cds	8	8	3	8	7	7	12	6	6	6	2	2	2	8	8	9	2	3	3	9	7	6	6	5	7	7	7	10	4	11	11	13	6	6	10	5	7	7	6	14	4	4	6	7	9	9	12	4	8	8	13	6	12	12	7	10	14	14	5	6
scheffersomyces_lignosus.max.cds	7	7	4	11	6	6	8	3	5	5	3	3	3	3	3	3	NA	1	1	7	6	4	4	4	6	3	3	3	1	7	7	8	8	8	10	3	7	7	2	11	3	3	7	8	8	8	10	3	7	7	9	2	9	9	7	12	11	11	3	4
scheffersomyces_stipitis.max.cds	6	6	3	11	6	6	8	4	5	5	3	3	4	3	3	3	NA	1	1	7	6	4	4	5	7	3	3	3	1	7	7	8	7	7	9	3	7	7	3	12	2	2	7	8	7	7	9	3	7	7	10	3	8	8	8	10	10	10	3	4
spathaspora_arborariae.max.cds	7	7	7	11	6	6	10	5	5	5	3	3	3	2	2	3	NA	1	1	7	6	6	6	6	7	3	3	3	1	7	7	8	6	6	8	3	6	6	4	10	2	2	7	8	8	8	10	3	6	6	9	3	9	9	9	10	10	10	3	4
spathaspora_girioi.max.cds	15	15	7	11	5	5	8	4	4	4	2	2	3	2	2	2	NA	1	1	7	6	5	5	6	7	8	8	8	1	6	6	7	5	5	11	7	5	5	14	20	2	2	9	10	4	4	6	3	6	6	12	6	24	24	14	15	9	9	3	4
spathaspora_gorwiae.max.cds	6	6	6	11	4	4	7	4	3	3	2	2	1	3	3	3	NA	1	1	5	4	5	5	3	4	3	3	3	1	4	4	5	7	7	7	1	5	5	2	10	2	2	7	8	7	7	8	2	5	5	9	4	6	6	8	9	7	7	3	3
spathaspora_hagerdaliae.max.cds	5	5	7	11	8	8	11	4	5	5	2	2	3	2	2	2	NA	2	2	9	7	6	6	7	8	3	3	3	1	7	7	8	8	8	10	3	5	5	4	15	2	2	6	7	12	12	14	3	7	7	10	3	8	8	8	9	11	11	3	4
spathaspora_passalidarum.max.cds	6	6	6	11	6	6	9	4	5	5	3	3	3	2	2	2	NA	1	1	7	6	5	5	6	7	3	3	3	1	8	8	9	6	6	8	3	5	5	3	12	2	2	6	7	8	8	10	3	7	7	10	3	8	8	8	9	10	10	3	4
sporopachydermia_quercuum.max.cds	3	3	2	5	3	3	5	3	3	3	2	2	2	2	2	3	2	3	3	5	3	2	2	2	3	2	2	3	2	4	4	5	4	4	6	3	3	3	2	6	2	2	4	5	5	5	6	2	5	5	7	3	5	5	5	6	5	5	3	3
starmerella_bombicola_JCM9596.max.cds	2	2	1	2	2	2	3	2	2	2	1	1	1	3	3	4	2	2	2	3	2	2	2	1	3	4	4	5	2	3	3	4	2	2	3	2	3	3	1	5	2	2	1	2	3	3	4	2	4	4	5	2	3	3	2	6	5	5	1	2
sugiyamaella_lignohabitans.max.cds	9	9	2	6	8	8	12	6	6	6	3	3	3	7	7	8	3	6	6	9	4	5	5	5	7	8	8	9	2	9	9	10	8	8	12	5	8	8	5	15	4	4	5	6	9	9	9	2	11	11	15	5	10	10	8	15	11	11	6	7
tetrapisispora_blattae.max.cds	12	12	12	21	17	17	21	6	9	9	5	5	7	1	1	2	2	1	1	14	13	7	7	10	11	4	4	4	1	17	17	19	15	15	18	4	11	11	9	24	6	6	13	14	18	18	20	3	19	19	24	5	19	19	16	17	23	23	3	4
tetrapisispora_phaffii.max.cds	9	9	9	11	8	8	10	3	6	6	4	4	4	1	1	2	2	1	1	9	8	5	5	7	8	3	3	3	1	10	10	12	9	9	11	3	9	9	6	15	3	3	8	9	10	10	12	3	9	9	12	3	12	12	11	12	13	13	2	3
tortispora_caseinolytica.max.cds	2	2	1	2	1	1	2	2	1	1	1	1	1	2	2	3	2	1	1	2	2	1	1	1	2	2	2	3	2	2	2	3	2	2	3	2	1	1	1	3	1	1	1	2	2	2	2	1	2	2	3	2	2	2	1	2	2	2	1	1
torulaspora_delbrueckii.max.cds	6	6	3	11	7	7	9	3	6	6	3	3	4	1	1	4	4	1	1	7	6	4	4	6	8	4	4	4	1	8	8	9	9	9	11	3	7	7	5	15	3	3	7	8	12	12	13	3	8	8	12	4	9	9	8	12	11	11	2	3
vanderwaltozyma_polyspora.max.cds	8	8	6	14	10	10	13	4	8	8	4	4	5	1	1	2	2	1	1	9	8	5	5	9	10	4	4	4	1	10	10	12	11	11	15	5	8	8	7	17	4	4	10	11	12	12	14	3	10	10	14	4	12	12	12	13	14	14	2	3
wickerhamia_fluorescens.max.cds	8	8	3	18	10	10	12	5	7	7	4	4	4	4	4	4	NA	6	6	9	4	5	5	5	10	6	6	6	1	12	12	14	10	10	12	4	8	8	3	16	3	3	7	8	13	13	15	5	13	13	17	6	15	15	6	16	16	16	4	5
wickerhamiella_domercqiae.max.cds	2	2	1	2	1	1	2	2	1	1	1	1	1	2	2	1	2	1	1	2	1	1	1	1	2	2	2	3	2	2	2	3	1	1	2	2	2	2	1	3	1	1	1	2	2	2	3	2	2	2	3	2	2	2	1	3	3	3	1	2
wickerhamomyces_anomalus.max.cds	5	5	7	10	4	4	10	8	4	4	2	2	2	1	1	2	2	0	0	5	5	4	4	5	6	4	4	4	0	7	7	8	6	6	9	4	6	6	12	14	2	2	5	5	6	6	7	2	5	5	10	5	7	7	8	9	7	7	3	4
wickerhamomyces_ciferrii.max.cds	7	7	9	12	4	4	9	6	5	5	2	2	4	1	1	2	2	0	0	6	6	4	4	4	5	4	4	4	0	7	7	8	5	5	8	4	6	6	8	10	2	2	6	6	9	9	10	2	6	6	10	4	7	7	11	12	7	7	2	3
yHAB132_kazachstania_martiniae_160519.max.cds	12	12	15	17	13	13	16	4	9	9	5	5	8	1	1	3	2	1	1	13	13	7	7	9	10	6	6	6	2	12	12	14	12	12	16	5	10	10	6	23	4	4	10	11	17	17	19	3	12	12	16	4	16	16	16	17	17	17	2	3
yHAB133_kazachstania_unispora_160519.max.cds	8	8	12	15	10	10	12	3	8	8	4	4	6	1	1	3	2	1	1	10	10	6	6	9	10	3	3	3	1	12	12	14	11	11	14	4	9	9	8	19	2	2	10	11	12	12	14	3	12	12	15	3	13	13	12	14	14	14	2	4
yHAB134_kazachstania_turicensis_160519.max.cds	7	7	3	5	10	10	12	3	7	7	3	3	5	1	1	4	4	1	1	9	9	5	5	8	9	5	5	5	1	10	10	13	9	9	13	5	7	7	4	14	5	5	8	9	10	10	13	4	7	7	11	4	9	9	10	12	8	8	2	3
yHAB136_kazachstania_bromeliacearum_160519.max.cds	8	8	6	13	9	9	12	4	7	7	4	4	6	1	1	3	2	1	1	10	9	5	5	8	9	4	4	4	2	10	10	12	9	9	13	5	8	8	6	17	3	3	10	11	11	11	13	4	10	10	14	4	13	13	12	14	13	13	2	4
yHAB143_kazachstania_siamensis_160519.max.cds	8	8	11	14	10	10	13	4	7	7	4	4	5	1	1	3	2	1	1	10	10	6	6	7	8	3	3	3	1	11	11	13	9	9	12	4	10	10	7	17	2	2	9	10	11	11	14	4	12	12	16	4	12	12	12	14	13	13	2	3
yHAB147_kazachstania_taianensis_160519.max.cds	8	8	7	12	10	10	12	3	7	7	3	3	6	1	1	7	6	1	1	11	10	5	5	8	10	4	4	4	1	12	12	14	10	10	13	4	9	9	6	18	3	3	9	10	12	12	14	3	11	11	14	4	12	12	11	15	14	14	2	4
yHAB148_kazachstania_intestinalis_160519.max.cds	5	5	4	12	5	5	7	3	4	4	3	3	3	1	1	3	2	1	1	6	5	4	4	3	4	3	3	3	1	7	7	8	4	4	6	3	6	6	4	9	3	3	5	6	6	6	7	2	6	6	9	3	7	7	7	9	8	8	2	3
yHAB153_kazachstania_rosinii_160519.max.cds	9	9	9	12	10	10	13	4	6	6	4	4	5	2	2	5	3	1	1	11	11	7	7	5	6	4	4	4	1	12	12	14	10	10	13	5	9	9	3	16	4	4	10	11	12	12	14	3	12	12	16	4	12	12	14	16	14	14	2	3
yHAB154_kazachstania_transvaalensis_160519.max.cds	11	11	16	19	12	12	17	6	10	10	5	5	6	2	2	3	1	1	1	12	12	6	6	9	10	5	5	5	1	17	17	19	15	15	18	4	10	10	13	25	4	4	14	15	15	15	18	5	13	13	18	5	19	19	21	23	29	29	2	3
yHAB155_kazachstania_spencerorum_160519.max.cds	10	10	12	17	13	13	17	5	12	12	5	5	5	2	2	5	3	1	1	11	11	0	0	9	10	4	4	4	1	12	12	15	12	12	15	4	10	10	7	18	4	4	14	15	14	14	16	3	13	13	17	4	15	15	13	15	17	17	3	4
yHAB158_kazachstania_viticola_160519.max.cds	9	9	13	16	13	13	17	6	9	9	4	4	8	3	3	6	3	1	1	15	14	7	7	10	11	5	5	5	2	12	12	16	13	13	16	4	10	10	8	21	4	4	12	13	14	14	19	6	15	15	19	4	17	17	14	16	19	19	4	5
yHAB159_kazachstania_solicola_160519.max.cds	10	10	14	17	11	11	14	4	9	9	4	4	7	1	1	3	2	1	1	10	10	7	7	8	9	3	3	3	1	14	14	16	16	16	18	3	10	10	8	19	3	3	11	12	12	12	14	3	14	14	17	3	15	15	12	16	19	19	2	5
yHAB160_kazachstania_kunashirensis_160519.max.cds	10	10	11	13	10	10	13	4	8	8	3	3	5	1	1	4	3	1	1	9	9	6	6	5	6	4	4	4	1	8	8	10	9	9	12	4	8	8	6	15	3	3	7	8	11	11	14	4	10	10	14	4	10	10	11	13	12	12	3	4
yHAB164_kazachstania_aerobia_160519.max.cds	8	8	12	15	9	9	11	3	8	8	4	4	5	1	1	3	2	1	1	10	10	6	6	9	10	3	3	3	1	12	12	14	11	11	13	3	9	9	8	20	2	2	7	8	13	13	15	3	13	13	16	3	9	9	12	14	15	15	2	4
yHAB166_kazachstania_yakushimaensis_160519.max.cds	12	12	18	20	14	14	19	6	11	11	5	5	7	2	2	3	1	1	1	11	11	8	8	10	11	5	5	5	1	17	17	19	15	15	19	5	13	13	12	25	4	4	15	16	17	17	20	5	18	18	23	5	19	19	18	20	21	21	2	3
yHMPu5000026124_ogataea_henricii_160519.max.cds	6	6	1	9	7	7	8	5	6	6	4	4	4	6	6	7	4	0	0	9	9	5	5	5	8	4	4	4	1	10	10	11	8	8	9	3	7	7	3	14	3	3	12	13	9	9	9	3	9	9	12	4	9	9	5	13	11	11	4	5
yHMPu5000026137_ambrosiozyma_ambrosiae_160519.max.cds	7	7	7	10	6	6	9	4	6	6	3	3	4	1	1	2	4	0	0	7	7	6	6	6	7	2	2	2	1	9	9	11	7	7	9	3	7	7	5	13	3	3	8	8	9	9	10	2	7	7	11	4	9	9	9	10	10	10	2	2
yHMPu5000026142_citeromyces_matritensis_160519.max.cds	9	9	3	8	6	6	9	6	5	5	3	3	27	5	5	7	4	2	2	10	9	6	6	6	8	4	4	4	1	12	12	13	7	7	10	5	5	5	6	16	3	3	7	8	9	9	13	6	9	9	14	7	9	9	4	11	11	11	5	6
yHMPu5000026145_ambrosiozyma_vanderkliftii_160519.max.cds	5	5	6	9	5	5	8	4	4	4	2	2	2	1	1	2	2	0	0	5	5	3	3	4	5	3	3	3	1	8	8	9	4	4	9	6	4	4	3	9	2	2	6	6	5	5	5	1	4	4	7	3	6	6	8	9	6	6	1	1
yHMPu5000026152_torulaspora_franciscae_160519.max.cds	6	6	3	13	8	8	10	3	9	9	5	5	4	2	2	4	4	2	2	8	6	4	4	9	13	5	5	5	2	10	10	12	7	7	10	4	9	9	6	16	5	5	8	9	10	10	11	3	10	10	14	4	11	11	9	13	12	12	3	4
yHMPu5000026197_brettanomyces_custersianus_160519.max.cds	3	3	1	4	3	3	4	2	3	3	2	2	2	2	2	3	3	0	0	5	5	2	2	2	4	2	2	2	1	4	4	5	4	4	5	2	3	3	2	7	2	2	3	4	4	4	4	1	3	3	6	3	4	4	2	5	5	5	1	1
yHMPu5000026256_zygotorulaspora_mrakii_161215.max.cds	7	7	4	4	7	7	9	3	6	6	3	3	4	1	1	3	3	1	1	7	6	4	4	6	7	3	3	3	1	8	8	9	7	7	9	3	8	8	7	15	3	3	7	8	9	9	12	5	7	7	12	5	9	9	8	10	12	12	2	3
yHMPu5000026274_komagataella_populi_160519.max.cds	5	5	1	5	4	4	6	3	4	4	2	2	3	2	2	3	3	2	2	6	5	3	3	3	5	2	2	3	2	5	5	6	5	5	6	2	4	4	3	9	2	2	3	4	5	5	6	2	5	5	7	2	6	6	5	9	5	5	3	4
yHMPu5000034594_starmera_quercuum_160519.max.cds	6	6	3	7	4	4	8	5	3	3	2	2	3	2	2	3	2	0	0	5	5	3	3	3	4	4	4	4	1	6	6	6	4	4	7	4	6	6	7	11	2	2	5	5	5	5	7	3	5	5	9	4	6	6	6	8	6	6	2	2
yHMPu5000034597_candida_stellimalicola_160519.max.cds	6	6	7	9	4	4	8	5	3	3	2	2	3	1	1	2	2	0	0	4	4	3	3	4	5	4	4	4	0	7	7	7	5	5	8	4	6	6	7	10	2	2	6	6	6	6	8	3	2	2	8	6	6	6	6	8	8	8	2	2
yHMPu5000034604_sporopachydermia_lactativora_160519.max.cds	4	4	2	4	4	4	6	3	3	3	2	2	2	2	2	3	3	3	3	5	4	3	3	2	5	2	2	3	2	5	5	6	3	3	5	3	4	4	3	8	2	2	4	5	4	4	6	4	4	4	7	4	5	5	4	7	5	5	2	3
yHMPu5000034605_spencermartinsiella_europaea_160519.max.cds	4	4	1	4	3	3	5	4	3	3	2	2	2	3	3	4	4	3	3	5	3	2	2	1	3	1	1	5	5	5	5	6	4	4	7	4	5	5	3	8	2	2	2	3	4	4	4	2	5	5	7	3	4	4	3	6	4	4	3	4
yHMPu5000034606_priceomyces_medius_160519.max.cds	4	4	3	8	4	4	6	3	4	4	2	2	2	2	2	2	NA	1	1	5	5	3	3	4	5	4	4	4	1	5	5	7	5	5	7	3	5	5	3	9	2	2	4	5	5	5	6	2	4	4	7	3	5	5	5	7	6	6	3	4
yHMPu5000034607_saccharomycopsis_capsularis_160519.max.cds	10	10	6	18	10	10	13	4	6	6	3	3	5	4	4	5	NA	0	0	11	11	5	5	6	9	19	19	19	1	11	11	13	10	10	13	4	12	12	7	20	5	5	9	9	11	11	12	3	13	13	16	3	13	13	11	17	15	15	2	3
yHMPu5000034610_saturnispora_hagleri_160519.max.cds	2	2	5	6	2	2	5	4	7	7	3	3	4	4	4	6	4	0	0	2	2	7	7	2	3	2	2	2	1	4	4	5	1	1	3	3	9	9	4	9	3	3	2	3	2	2	3	2	8	8	13	5	3	3	3	5	7	7	3	4
yHMPu5000034611_saturnispora_mendoncae_160519.max.cds	4	4	4	7	3	3	7	5	8	8	3	3	3	3	3	4	3	0	0	4	4	4	4	4	5	2	2	2	1	4	4	5	5	5	7	5	6	6	3	9	2	2	4	5	4	4	5	2	6	6	8	2	6	6	4	6	8	8	2	3
yHMPu5000034612_saturnispora_saitoi_160519.max.cds	4	4	4	7	5	5	8	4	6	6	3	3	5	4	4	5	3	0	0	3	3	6	6	4	5	2	2	2	1	3	3	4	3	3	5	3	8	8	4	10	3	3	5	6	11	11	12	2	7	7	8	1	6	6	9	10	8	8	3	4
yHMPu5000034613_saturnispora_serradocipensis_160519.max.cds	2	2	5	6	2	2	5	4	7	7	3	3	5	4	4	6	4	0	0	2	2	6	6	2	3	2	2	2	1	3	3	4	1	1	3	3	9	9	4	9	3	3	2	3	2	2	3	2	7	7	9	2	4	4	5	6	8	8	3	4
yHMPu5000034614_saturnispora_silvae_160519.max.cds	8	8	5	8	8	8	10	3	5	5	3	3	3	3	3	4	3	0	0	8	8	4	4	7	9	2	2	2	1	7	7	8	8	8	10	3	6	6	3	14	2	2	8	9	4	4	5	3	8	8	15	7	9	9	9	11	10	10	2	3
yHMPu5000034615_saturnispora_zaruensis_160519.max.cds	2	2	5	6	2	2	5	4	7	7	3	3	4	4	4	6	4	0	0	2	2	6	6	3	4	2	2	2	1	3	3	4	1	1	3	3	10	10	4	9	3	3	2	3	2	2	3	2	7	7	8	1	4	4	3	5	4	4	3	4
yHMPu5000034622_pichia_occidentalis_160519.max.cds	9	9	7	13	6	6	11	7	5	5	3	3	4	3	3	4	3	0	0	7	7	4	4	6	7	2	2	2	1	9	9	11	6	6	8	3	7	7	6	15	2	2	9	10	11	11	12	3	4	4	12	8	13	13	13	15	18	18	3	3
yHMPu5000034623_pichia_norvegensis_160519.max.cds	7	7	6	9	5	5	9	5	5	5	3	3	4	2	2	3	4	0	0	7	7	4	4	5	6	4	4	4	1	9	9	10	7	7	9	3	6	6	4	15	2	2	8	9	7	7	8	2	0	0	11	11	7	7	15	17	10	10	3	3
yHMPu5000034624_pichia_nakasei_160519.max.cds	7	7	7	10	6	6	10	5	5	5	3	3	4	2	2	3	3	0	0	9	9	4	4	6	7	2	2	2	1	8	8	10	6	6	8	3	7	7	6	12	2	2	7	8	8	8	9	2	0	0	11	11	9	9	10	11	10	10	2	2
yHMPu5000034625_pichia_kudriavzevii_160519.max.cds	10	10	9	15	8	8	12	6	6	6	4	4	5	5	5	7	7	0	0	11	11	7	7	9	11	4	4	4	1	10	10	11	16	16	20	5	9	9	7	20	5	5	9	11	11	11	13	4	0	0	13	13	13	13	17	22	20	20	4	4
yHMPu5000034627_pichia_heedii_160519.max.cds	6	6	7	9	4	4	7	4	5	5	3	3	4	2	2	3	3	0	0	6	6	4	4	5	6	2	2	2	1	8	8	10	5	5	7	3	6	6	6	10	2	2	6	7	7	7	8	2	0	0	9	9	7	7	9	10	8	8	2	2
yHMPu5000034629_pichia_exigua_160519.max.cds	6	6	8	9	5	5	9	5	6	6	3	3	4	2	2	3	3	0	0	8	8	4	4	6	7	2	2	2	1	8	8	10	7	7	10	4	7	7	6	19	2	2	7	8	7	7	8	2	0	0	9	9	9	9	13	14	10	10	2	2
yHMPu5000034631_martiniozyma_abiesophila_161215.max.cds	1	1	8	9	1	1	6	8	8	8	3	3	5	5	5	7	5	0	0	1	1	6	6	1	3	3	3	3	2	3	3	4	2	2	7	7	9	9	7	10	3	3	1	3	3	3	3	1	6	6	8	2	2	2	1	2	2	2	3	3
yHMPu5000034632_candida_athensensis_160519.max.cds	4	4	1	6	4	4	6	4	3	3	3	3	2	2	2	2	NA	2	2	5	3	2	2	3	5	3	3	3	1	5	5	6	4	4	5	2	4	4	2	8	3	3	5	6	4	4	5	3	5	5	8	4	6	6	4	7	6	6	3	4
yHMPu5000034635_nadsonia_fulvescens_160519.max.cds	74	74	13	20	23	23	82	62	53	53	9	9	11	20	20	22	5	22	22	25	6	40	40	21	25	87	87	90	5	100	100	36	26	26	93	71	82	82	68	103	10	10	65	65	29	29	73	48	38	38	101	66	81	81	96	101	41	41	7	8
yHMPu5000034636_ogataea_nitratoaversa_160519.max.cds	4	4	5	8	3	3	8	6	3	3	2	2	3	1	1	3	3	0	0	5	5	4	4	4	5	1	1	1	1	4	4	5	4	4	6	3	5	5	4	9	2	2	6	6	5	5	5	1	3	3	6	3	6	6	6	7	6	6	2	2
yHMPu5000034637_ogataea_populiabae_160519.max.cds	3	3	2	4	2	2	4	3	2	2	1	1	2	1	1	2	1	0	0	4	4	2	2	2	3	1	1	1	1	4	4	5	2	2	3	2	2	2	2	5	2	2	4	4	3	3	4	2	3	3	4	2	3	3	3	5	4	4	1	2
yHMPu5000034643_candida_schatavii_160519.max.cds	6	6	3	9	4	4	6	4	4	4	3	3	3	3	3	3	NA	2	2	7	6	3	3	3	6	2	2	2	1	7	7	8	7	7	10	4	6	6	4	11	2	2	6	7	7	7	8	3	7	7	10	4	7	7	4	8	7	7	3	4
yHMPu5000034646_wickerhamiella_cacticola_160519.max.cds	6	6	1	3	5	5	7	3	4	4	2	2	3	5	5	6	2	5	5	6	1	4	4	2	7	6	6	7	2	7	7	7	5	5	7	3	5	5	4	12	3	3	1	2	6	6	7	2	8	8	10	3	7	7	5	13	11	11	2	3
yHMPu5000034648_candida_restingae_160519.max.cds	14	14	2	23	15	15	17	6	13	13	5	5	7	6	6	6	NA	3	3	16	14	9	9	4	15	6	6	6	1	18	18	20	15	15	18	5	13	13	4	26	5	5	14	15	19	19	21	6	17	17	23	8	19	19	6	26	24	24	5	6
yHMPu5000034654_aciculoconidium_aculeatum_160519.max.cds	20	20	9	37	22	22	26	7	14	14	9	9	12	9	9	9	NA	2	2	24	22	15	15	17	21	9	9	9	1	25	25	28	23	23	28	7	21	21	10	37	8	8	21	22	29	29	32	9	23	23	35	12	30	30	28	35	37	37	10	11
yHMPu5000034655_botryozyma_nematodophila_160519.max.cds	3	3	3	5	2	2	6	5	2	2	1	1	2	2	2	3	2	2	2	3	2	1	1	1	3	1	1	2	2	6	6	5	1	1	6	5	8	8	21	23	1	1	1	2	3	3	6	4	3	3	7	5	16	16	4	4	2	2	3	3
yHMPu5000034660_diddensiella_caesifluorescens_160519.max.cds	5	5	2	4	3	3	6	4	3	3	2	2	2	3	3	4	2	3	3	5	3	3	3	2	3	3	3	5	3	5	5	6	4	4	6	3	4	4	3	8	2	2	2	3	4	4	4	2	4	4	6	3	5	5	3	5	4	4	3	4
yHMPu5000034661_dipodascus_albidus_160519.max.cds	12	12	4	11	13	13	17	6	8	8	5	5	7	9	9	11	4	10	10	15	7	8	8	8	10	9	9	12	5	13	13	15	12	12	15	5	11	11	7	22	6	6	8	9	15	15	18	5	15	15	19	5	15	15	12	19	14	14	8	8
yHMPu5000034665_kodamaea_laetipori_160519.max.cds	10	10	3	18	9	9	11	6	8	8	4	4	6	4	4	4	NA	2	2	12	10	7	7	7	12	5	5	5	1	13	13	15	11	11	14	5	12	12	4	17	5	5	12	13	15	15	17	5	13	13	18	6	18	18	10	19	16	16	4	5
yHMPu5000034667_blastobotrys_serpentis_160519.max.cds	7	7	2	6	6	6	9	4	6	6	4	4	4	6	6	7	2	1	1	9	9	6	6	6	7	3	3	5	3	10	10	10	8	8	11	4	8	8	4	13	3	3	7	8	9	9	10	3	10	10	14	5	9	9	10	12	11	11	4	5
yHMPu5000034669_blastobotrys_raffinofermentans_160519.max.cds	5	5	1	3	5	5	7	4	6	6	2	2	3	4	4	5	5	5	5	7	3	4	4	1	5	4	4	8	5	7	7	8	5	5	7	3	6	6	3	11	2	2	3	4	5	5	8	6	7	7	10	4	9	9	3	9	6	6	5	6
yHMPu5000034670_blastobotrys_proliferans_160519.max.cds	5	5	2	6	4	4	7	4	4	4	2	2	2	2	2	3	2	1	1	7	7	3	3	5	6	0	0	6	6	6	6	7	6	6	8	3	5	5	5	10	0	0	2	3	5	5	7	3	6	6	10	5	7	7	5	6	7	7	2	3
yHMPu5000034671_blastobotrys_peoriensis_160519.max.cds	4	4	1	3	3	3	5	4	3	3	1	1	2	3	3	4	3	3	3	5	3	3	3	1	4	2	2	5	4	6	6	6	4	4	6	3	4	4	2	7	2	2	3	4	4	4	6	3	5	5	8	4	5	5	3	7	4	4	3	4
yHMPu5000034673_blastobotrys_nivea_160519.max.cds	7	7	0	3	4	4	6	2	3	3	3	3	2	2	2	3	2	1	1	5	5	3	3	3	4	0	0	2	2	2	2	3	3	3	5	3	5	5	2	6	3	3	1	2	3	3	5	3	2	2	4	4	7	7	5	6	3	3	1	2
yHMPu5000034674_blastobotrys_muscicola_160519.max.cds	20	20	2	8	24	24	28	9	13	13	6	6	17	10	10	14	17	4	4	18	16	12	12	3	18	3	3	26	24	20	20	23	23	23	30	11	17	17	7	30	10	10	5	7	25	25	25	9	26	26	30	10	21	21	7	29	32	32	8	8
yHMPu5000034675_blastobotrys_mokoenaii_160519.max.cds	6	6	1	3	5	5	7	4	4	4	2	2	4	5	5	6	3	1	1	9	10	5	5	1	5	1	1	8	8	8	8	8	6	6	8	3	5	5	2	13	2	2	2	3	7	7	9	5	7	7	9	4	8	8	3	10	9	9	2	3
yHMPu5000034681_blastobotrys_americana_160519.max.cds	4	4	1	2	3	3	5	3	3	3	1	1	2	3	3	4	3	2	2	4	3	2	2	1	3	2	2	4	3	4	4	6	4	4	6	3	4	4	3	7	2	2	3	4	3	3	5	3	4	4	6	3	5	5	3	6	4	4	3	4
yHMPu5000034709_kluyveromyces_aestuarii_160519.max.cds	6	6	3	11	6	6	9	4	5	5	4	4	4	1	1	2	3	1	1	8	7	6	6	6	7	3	3	3	1	8	8	8	6	6	9	4	7	7	5	13	2	2	8	9	8	8	10	4	7	7	12	5	8	8	9	11	8	8	0	1
yHMPu5000034710_kluyveromyces_dobzhanskii_160519.max.cds	6	6	2	9	6	6	9	4	5	5	3	3	4	1	1	2	3	1	1	8	7	4	4	5	7	3	3	3	1	7	7	8	6	6	9	4	7	7	4	12	2	2	8	9	7	7	9	4	7	7	11	4	7	7	8	10	7	7	2	3
yHMPu5000034742_lipomyces_suomiensis_160519.max.cds	4	4	1	3	2	2	3	3	3	3	2	2	2	3	3	4	2	3	3	5	3	3	3	1	3	3	3	4	2	4	4	3	4	4	6	3	3	3	2	5	2	2	2	3	4	4	4	2	3	3	4	3	5	5	2	5	5	5	2	3
yHMPu5000034748_lipomyces_oligophaga_160519.max.cds	4	4	1	2	2	2	4	4	3	3	2	2	2	3	3	5	3	2	2	3	2	2	2	1	3	3	3	4	2	4	4	3	3	3	5	3	3	3	3	6	2	2	2	3	3	3	4	3	3	3	4	2	3	3	3	5	4	4	1	2
yHMPu5000034749_lipomyces_mesembrius_160519.max.cds	5	5	1	3	2	2	4	4	2	2	1	1	2	4	4	6	3	2	2	4	3	3	3	1	3	3	3	6	4	5	5	4	4	4	6	3	4	4	2	7	2	2	2	3	4	4	4	2	3	3	5	4	4	4	3	6	5	5	2	3
yHMPu5000034754_lipomyces_arxii_160519.max.cds	4	4	1	3	4	4	6	4	2	2	1	1	2	3	3	5	3	2	2	4	3	3	3	1	3	3	3	6	4	5	5	4	4	4	7	4	4	4	2	6	2	2	2	3	4	4	4	2	3	3	5	4	4	4	4	7	5	5	2	3
yHMPu5000034757_lipomyces_doorenjongii_160519.max.cds	3	3	1	2	2	2	4	3	2	2	1	1	1	2	2	3	2	2	2	3	2	2	2	1	2	1	1	3	3	3	3	2	3	3	5	3	3	3	2	5	1	1	2	3	3	3	3	1	2	2	3	2	3	3	3	5	3	3	1	2
yHMPu5000034758_lipomyces_japonicus_160519.max.cds	4	4	2	5	6	6	9	5	4	4	2	2	3	5	5	7	4	3	3	6	5	2	2	2	5	5	5	8	5	7	7	7	5	5	8	5	5	5	3	11	2	2	5	6	6	6	6	3	6	6	9	5	6	6	5	9	7	7	3	4
yHMPu5000034760_lipomyces_kononenkoae_160519.max.cds	4	4	1	3	3	3	5	3	2	2	1	1	2	3	3	5	3	2	2	5	4	3	3	1	3	2	2	5	4	5	5	4	4	4	6	3	4	4	2	6	2	2	2	3	4	4	4	2	3	3	5	4	4	4	3	6	5	5	2	3
yHMPu5000034761_lipomyces_lipofer_160519.max.cds	5	5	1	3	2	2	4	4	3	3	1	1	2	4	4	5	3	3	3	5	3	2	2	1	3	2	2	4	3	4	4	4	4	4	6	3	3	3	2	5	2	2	3	4	4	4	5	2	5	5	6	3	5	5	3	6	4	4	2	3
yHMPu5000034862_zygotorulaspora_florentina_160519.max.cds	6	6	4	10	7	7	9	3	6	6	3	3	4	1	1	3	3	1	1	7	6	4	4	6	7	3	3	3	1	8	8	9	6	6	8	3	7	7	5	13	3	3	7	8	9	9	10	3	7	7	11	4	9	9	7	10	11	11	2	3
yHMPu5000034865_zygosaccharomyces_kombuchaensis_160519.max.cds	9	9	2	11	9	9	11	5	6	6	5	5	6	1	1	6	6	4	4	12	8	6	6	4	10	5	5	5	1	8	8	9	9	9	11	4	8	8	5	17	5	5	7	9	8	8	10	7	12	12	15	4	13	13	6	14	16	16	2	4
yHMPu5000034866_zygosaccharomyces_bisporus_160519.max.cds	7	7	2	11	9	9	11	5	6	6	5	5	6	1	1	6	6	4	4	12	8	6	6	5	11	6	6	6	1	9	9	10	9	9	11	4	8	8	7	19	7	7	8	10	10	10	12	7	11	11	16	6	12	12	8	16	16	16	2	4
yHMPu5000034875_tetrapisispora_fleetii_160519.max.cds	8	8	9	11	9	9	11	3	6	6	4	4	4	1	1	2	2	1	1	8	7	5	5	7	8	3	3	3	1	9	9	11	9	9	12	4	9	9	6	15	3	3	7	8	10	10	12	3	8	8	11	3	10	10	10	12	13	13	2	3
yHMPu5000034876_tetrapisispora_iriomotensis_160519.max.cds	8	8	12	14	11	11	14	4	8	8	4	4	5	1	1	2	2	1	1	10	9	5	5	8	10	3	3	3	1	10	10	12	9	9	12	4	10	10	7	17	3	3	9	10	13	13	15	3	11	11	16	5	12	12	13	14	13	13	2	3
yHMPu5000034877_tetrapisispora_namnaonensis_160519.max.cds	8	8	9	11	9	9	12	4	7	7	4	4	4	1	1	2	2	1	1	8	7	5	5	7	8	3	3	3	1	9	9	11	9	9	13	5	9	9	6	15	3	3	7	8	10	10	12	3	8	8	11	3	10	10	10	12	13	13	2	3
yHMPu5000034881_torulaspora_pretoriensis_160519.max.cds	7	7	3	13	8	8	12	5	7	7	5	5	6	2	2	4	4	2	2	8	6	4	4	7	9	5	5	5	1	8	8	9	8	8	12	5	11	11	8	21	5	5	11	12	13	13	14	5	8	8	13	5	12	12	12	17	16	16	3	4
yHMPu5000034885_ogataea_zsoltii_160519.max.cds	4	4	2	6	4	4	5	3	3	3	2	2	2	3	3	4	3	0	0	5	5	3	3	3	5	2	2	2	1	6	6	7	5	5	6	2	3	3	2	8	2	2	5	6	5	5	5	2	4	4	7	3	6	6	3	7	6	6	3	4
yHMPu5000034886_ogataea_trehalophila_160519.max.cds	5	5	7	10	4	4	8	5	5	5	3	3	3	1	1	3	3	0	0	6	6	4	4	5	7	2	2	2	1	7	7	8	6	6	8	3	6	6	4	11	2	2	7	7	11	11	11	1	6	6	9	3	7	7	8	9	9	9	2	2
yHMPu5000034887_ogataea_trehaloabstinens_160519.max.cds	3	3	1	3	2	2	4	3	2	2	2	2	1	1	1	2	1	0	0	4	4	2	2	2	3	1	1	1	1	3	3	4	2	2	3	2	2	2	2	5	2	2	3	3	3	3	4	2	3	3	5	3	3	3	2	4	4	4	1	1
yHMPu5000034890_ogataea_ramenticola_160519.max.cds	3	3	5	6	4	4	6	3	3	3	2	2	2	1	1	2	2	1	1	6	5	2	2	3	4	2	2	2	1	4	4	5	4	4	6	3	4	4	4	8	1	1	4	5	4	4	5	2	4	4	6	2	4	4	5	6	5	5	2	2
yHMPu5000034891_ogataea_pini_160519.max.cds	5	5	2	9	6	6	8	4	5	5	2	2	3	5	5	6	3	0	0	8	8	4	4	6	8	3	3	3	1	9	9	10	7	7	9	3	7	7	4	16	3	3	10	11	11	11	11	2	7	7	11	5	9	9	6	12	10	10	4	5
yHMPu5000034892_ogataea_pilisensis_160519.max.cds	5	5	7	10	4	4	10	7	4	4	3	3	3	1	1	3	3	0	0	5	5	3	3	5	6	2	2	2	1	6	6	7	4	4	6	3	6	6	5	11	2	2	7	7	7	7	7	1	4	4	7	3	6	6	8	9	9	9	2	2
yHMPu5000034893_ogataea_philodendra_160519.max.cds	3	3	1	3	2	2	3	2	2	2	1	1	2	1	1	2	2	0	0	2	2	2	2	1	2	2	2	2	1	4	4	5	3	3	4	2	2	2	2	5	2	2	3	4	2	2	2	1	3	3	5	2	2	2	2	4	4	4	1	1
yHMPu5000034897_ogataea_glucozyma_160519.max.cds	6	6	2	11	7	7	8	3	7	7	3	3	3	4	4	5	3	4	4	7	9	6	6	5	10	2	2	2	1	10	10	12	8	8	9	2	6	6	3	15	3	3	9	10	9	9	9	5	7	7	11	4	9	9	4	22	11	11	3	4
yHMPu5000034899_ogataea_kodamae_160519.max.cds	3	3	1	4	4	4	5	2	2	2	1	1	4	2	2	3	2	0	0	3	3	2	2	2	3	2	2	2	1	4	4	5	3	3	4	2	5	5	2	6	2	2	3	4	3	3	3	2	3	3	5	2	2	2	2	5	4	4	3	3
yHMPu5000034901_ogataea_methylivora_160519.max.cds	3	3	4	5	5	5	8	4	3	3	2	2	2	2	2	3	2	1	1	6	5	4	4	4	6	2	2	2	1	5	5	6	4	4	6	3	3	3	5	9	2	2	4	5	3	3	4	2	3	3	6	3	4	4	7	8	7	7	2	2
yHMPu5000034902_ogataea_minuta_160519.max.cds	3	3	1	3	2	2	3	2	2	2	1	1	2	1	1	2	2	0	0	3	3	2	2	1	3	2	2	2	1	4	4	5	3	3	4	2	2	2	2	5	2	2	3	4	2	2	2	1	3	3	5	2	3	3	2	4	4	4	1	1
yHMPu5000034903_ogataea_naganishii_160519.max.cds	3	3	2	4	4	4	5	2	3	3	2	2	2	1	1	2	3	2	2	6	4	2	2	1	3	2	2	2	1	3	3	4	3	3	4	2	2	2	2	6	1	1	3	4	3	3	4	2	4	4	5	2	4	4	1	5	4	4	2	3
yHMPu5000034904_ogataea_nonfermentans_160519.max.cds	4	4	1	5	3	3	4	2	2	2	1	1	2	1	1	2	2	0	0	3	3	2	2	1	4	2	2	2	2	4	4	5	5	5	6	2	2	2	2	5	4	4	3	4	2	2	2	2	3	3	5	2	4	4	2	4	4	4	1	1
yHMPu5000034932_kuraishia_ogatae_160519.max.cds	3	3	1	3	3	3	4	2	3	3	2	2	2	4	4	5	2	1	1	4	3	2	2	2	5	2	2	2	1	5	5	6	4	4	5	2	3	3	2	7	2	2	3	4	4	4	5	2	4	4	6	2	5	5	2	6	5	5	2	3
yHMPu5000034933_kuraishia_molischiana_160519.max.cds	3	3	1	3	3	3	4	2	2	2	2	2	2	3	3	4	2	1	1	3	2	2	2	1	4	1	1	1	1	4	4	5	3	3	4	2	3	3	2	7	1	1	3	4	4	4	5	2	5	5	6	2	4	4	2	6	4	4	1	2
yHMPu5000034939_komagataella_pseudopastoris_160519.max.cds	6	6	1	5	4	4	6	3	4	4	2	2	3	2	2	3	3	2	2	6	5	3	3	3	5	2	2	3	2	5	5	6	5	5	6	2	4	4	3	9	2	2	3	4	5	5	6	2	5	5	7	2	6	6	5	8	5	5	3	4
yHMPu5000034946_ambrosiozyma_oregonensis_160519.max.cds	7	7	8	11	8	8	12	5	5	5	3	3	4	1	1	2	4	0	0	9	9	5	5	6	7	2	2	2	1	8	8	10	8	8	10	3	7	7	6	13	2	2	9	9	12	12	12	1	7	7	11	4	9	9	9	10	11	11	3	3
yHMPu5000034947_ambrosiozyma_philentoma_160519.max.cds	8	8	9	12	7	7	10	4	6	6	3	3	4	1	1	2	4	0	0	8	8	5	5	6	7	2	2	2	1	9	9	11	7	7	9	3	7	7	6	14	3	3	7	7	11	11	11	1	8	8	12	4	9	9	11	12	10	10	2	2
yHMPu5000034950_citeromyces_hawaiiensis_160519.max.cds	6	6	2	6	5	5	7	4	4	4	5	5	22	3	3	6	5	2	2	6	5	5	5	4	6	4	4	4	3	7	7	9	7	7	9	3	6	6	4	12	4	4	6	8	7	7	11	8	8	8	11	5	9	9	4	9	9	9	4	5
yHMPu5000034952_citeromyces_siamensis_160519.max.cds	9	9	2	14	9	9	12	10	9	9	6	6	10	9	9	3	8	3	3	17	15	9	9	9	15	8	8	8	1	14	14	17	9	9	13	8	12	12	10	25	4	4	12	14	13	13	16	7	17	17	22	9	18	18	9	23	20	20	10	11
yHMPu5000034957_hanseniaspora_osmophila_160519.max.cds	8	8	3	10	8	8	10	3	6	6	3	3	4	0	0	3	3	0	0	8	8	4	4	6	7	1	1	1	1	18	18	13	7	7	12	6	14	14	12	14	4	4	9	9	10	10	17	8	7	7	20	13	12	12	10	11	8	8	3	5
yHMPu5000034963_hanseniaspora_clermontiae_160519.max.cds	6	6	5	7	4	4	5	2	3	3	1	1	2	1	1	2	2	0	0	4	4	2	2	4	5	1	1	1	1	5	5	6	5	5	6	2	4	4	4	11	2	2	5	5	6	6	7	1	6	6	7	1	5	5	7	8	7	7	1	1
yHMPu5000034967_candida_freyschussii_160519.max.cds	5	5	2	8	5	5	7	3	3	3	2	2	3	2	2	3	2	0	0	5	5	3	3	4	6	3	3	3	1	6	6	7	6	6	8	3	5	5	3	8	2	2	5	5	6	6	7	3	5	5	8	3	6	6	6	10	7	7	1	2
yHMPu5000034973_danielozyma_ontarioensis_160519.max.cds	6	6	2	9	6	6	8	3	4	4	3	3	4	4	4	4	NA	2	2	6	5	4	4	4	6	4	4	4	1	6	6	7	6	6	7	2	5	5	2	9	3	3	6	7	6	6	7	3	6	6	9	4	8	8	5	8	7	7	3	4
yHMPu5000034974_deakozyma_indianensis_160519.max.cds	4	4	1	3	4	4	6	3	4	4	1	1	2	4	4	5	3	2	2	5	4	3	3	1	4	4	4	5	2	6	6	6	4	4	6	3	5	5	3	8	2	2	4	5	5	5	6	2	6	6	9	4	6	6	3	8	7	7	2	3
yHMPu5000034978_cyberlindnera_mrakii_160519.max.cds	6	6	1	10	7	7	8	2	4	4	2	2	4	3	3	4	2	0	0	7	7	4	4	5	7	4	4	4	1	7	7	8	7	7	9	3	6	6	3	11	2	2	7	7	8	8	9	4	7	7	10	3	8	8	4	11	9	9	1	2
yHMPu5000034979_cyberlindnera_misumaiensis_160519.max.cds	5	5	1	7	5	5	6	2	4	4	2	2	4	4	4	5	3	0	0	6	6	3	3	2	6	4	4	4	1	5	5	6	5	5	8	4	5	5	2	9	2	2	6	6	4	4	5	4	6	6	8	3	7	7	2	9	8	8	2	3
yHMPu5000034986_candida_oregonensis_160519.max.cds	7	7	2	12	6	6	7	3	6	6	3	3	4	3	3	3	NA	3	3	8	5	4	4	2	7	4	4	4	1	9	9	11	7	7	8	3	6	6	3	12	3	3	7	8	7	7	8	4	9	9	11	3	10	10	4	11	10	10	3	3
yHMPu5000034988_candida_fructus_160519.max.cds	8	8	2	15	8	8	9	3	7	7	3	3	4	3	3	3	NA	2	2	11	9	5	5	6	8	4	4	4	1	11	11	13	9	9	10	3	7	7	3	16	3	3	8	9	10	10	11	5	10	10	12	4	12	12	6	15	14	14	3	4
yHMPu5000034990_candida_corydali_160519.max.cds	4	4	6	8	2	2	7	6	3	3	2	2	2	1	1	1	NA	1	1	4	3	2	2	3	4	1	1	1	1	6	6	7	4	4	7	5	4	4	8	9	1	1	5	6	4	4	5	1	3	3	8	5	5	5	6	7	5	5	2	2
yHMPu5000034998_cephaloascus_albidus_160519.max.cds	12	12	13	19	7	7	16	10	12	12	5	5	6	3	3	3	NA	2	2	16	14	6	6	8	9	6	6	6	1	13	13	16	10	10	21	12	13	13	16	25	4	4	13	14	18	18	19	2	15	15	22	7	18	18	13	15	15	15	5	6
yHMPu5000034999_cephaloascus_fragrans_160519.max.cds	14	14	14	21	10	10	20	11	10	10	5	5	7	5	5	5	NA	2	2	15	13	7	7	10	12	6	6	6	1	15	15	18	13	13	18	6	12	12	17	23	5	5	13	14	16	16	18	3	12	12	17	6	16	16	17	20	18	18	5	6
yHMPu5000035011_candida_pyralidae_160519.max.cds	9	9	6	17	8	8	12	6	7	7	3	3	5	3	3	3	NA	1	1	10	9	7	7	7	9	3	3	3	1	12	12	13	9	9	12	4	9	9	6	18	3	3	10	11	12	12	14	4	11	11	17	7	13	13	12	15	14	14	5	5
yHMPu5000035018_candida_canberraensis_160519.max.cds	13	13	5	23	15	15	19	6	11	11	5	5	7	5	5	5	NA	2	2	14	12	9	9	10	12	5	5	5	1	16	16	18	14	14	17	4	12	12	5	25	5	5	13	14	19	19	21	6	16	16	21	6	19	19	18	21	22	22	7	8
yHMPu5000035022_candida_emberorum_160519.max.cds	11	11	4	17	12	12	15	5	8	8	4	4	8	5	5	5	NA	2	2	11	9	7	7	8	10	4	4	4	1	11	11	13	12	12	14	3	9	9	5	20	5	5	11	12	13	13	15	5	13	13	18	6	14	14	12	19	18	18	5	6
yHMPu5000035031_candida_kruisii_160519.max.cds	9	9	4	13	11	11	13	4	6	6	4	4	5	3	3	3	NA	1	1	11	10	5	5	6	7	4	4	4	1	10	10	12	10	10	14	6	9	9	4	16	3	3	9	10	11	11	12	3	11	11	15	4	11	11	11	13	13	13	4	5
yHMPu5000035032_candida_gatunensis_160519.max.cds	9	9	3	13	9	9	11	4	6	6	4	4	4	4	4	4	NA	1	1	9	8	5	5	6	8	4	4	4	1	8	8	9	9	9	11	4	7	7	4	15	3	3	8	9	12	12	13	3	10	10	13	4	10	10	10	13	14	14	3	4
yHMPu5000035033_candida_cretensis_160519.max.cds	8	8	4	12	8	8	10	4	6	6	4	4	4	3	3	3	NA	1	1	9	8	5	5	6	7	4	4	4	1	9	9	11	8	8	10	4	7	7	5	17	3	3	8	9	10	10	11	3	10	10	14	4	11	11	10	12	13	13	3	4
yHMPu5000035037_candida_montana_160519.max.cds	5	5	4	8	4	4	6	3	4	4	2	2	3	1	1	2	2	0	0	5	5	3	3	4	5	3	3	3	0	7	7	8	5	5	7	3	5	5	7	9	2	2	6	6	6	6	7	2	5	5	8	3	5	5	7	8	7	7	2	2
yHMPu5000035040_ambrosiozyma_maleeae_160519.max.cds	7	7	4	13	7	7	9	3	5	5	2	2	4	1	1	4	4	0	0	8	8	4	4	5	7	2	2	2	1	8	8	9	7	7	9	3	6	6	3	13	3	3	8	8	8	8	8	3	7	7	10	3	8	8	6	12	11	11	2	2
yHMPu5000035041_ambrosiozyma_pseudovanderkliftii_160519.max.cds	5	5	5	9	5	5	8	4	4	4	2	2	3	1	1	2	2	0	0	6	6	3	3	4	5	2	2	2	1	6	6	7	4	4	6	3	4	4	3	9	2	2	6	6	6	6	6	2	4	4	7	3	5	5	6	7	7	7	1	1
yHMPu5000035044_barnettozyma_californica_160519.max.cds	7	7	1	10	7	7	9	3	5	5	2	2	4	1	1	5	5	0	0	8	8	4	4	5	7	3	3	3	1	9	9	10	8	8	10	3	6	6	3	13	2	2	8	8	9	9	10	3	9	9	12	4	9	9	5	14	11	11	2	3
yHMPu5000035045_barnettozyma_hawaiiensis_160613.max.cds	7	7	1	9	7	7	9	3	5	5	2	2	4	1	1	5	5	0	0	7	7	4	4	5	7	3	3	3	1	9	9	10	6	6	8	3	6	6	3	13	2	2	8	8	8	8	9	3	9	9	12	4	8	8	5	13	9	9	1	2
yHMPu5000035046_barnettozyma_populi_160613.max.cds	7	7	1	10	7	7	9	3	5	5	2	2	4	1	1	5	5	0	0	8	8	4	4	5	7	4	4	4	1	9	9	10	7	7	9	3	6	6	3	12	2	2	8	8	9	9	10	3	9	9	11	3	8	8	5	12	9	9	1	2
yHMPu5000035047_barnettozyma_pratensis_160519.max.cds	6	6	8	11	5	5	10	6	5	5	2	2	4	1	1	2	2	0	0	7	7	4	4	5	6	3	3	3	0	9	9	10	7	7	9	3	6	6	10	13	2	2	7	7	8	8	9	2	6	6	9	3	8	8	8	9	10	10	2	2
yHMPu5000035048_barnettozyma_salicaria_160519.max.cds	6	6	5	9	4	4	8	6	5	5	2	2	3	1	1	2	2	0	0	7	7	4	4	5	6	3	3	3	0	7	7	8	5	5	7	3	6	6	8	10	2	2	5	5	6	6	7	2	8	8	11	3	7	7	7	9	8	8	2	2
yHMPu5000035242_zygoascus_ofunaensis_160928.max.cds	3	3	1	3	2	2	4	3	2	2	1	1	1	2	2	3	2	2	2	3	2	2	2	1	2	2	2	3	2	3	3	4	3	3	5	3	3	3	2	5	1	1	2	3	2	2	3	2	3	3	7	5	4	4	3	5	3	3	1	2
yHMPu5000035243_zygoascus_meyerae_160928.max.cds	4	4	1	4	4	4	6	3	3	3	1	1	3	3	3	4	2	3	3	4	2	3	3	1	3	2	2	6	4	5	5	5	4	4	7	4	4	4	3	10	2	2	2	3	4	4	5	2	5	5	7	3	5	5	4	7	6	6	2	2
yHMPu5000035244_candida_incommunis_160928.max.cds	5	5	1	4	5	5	7	4	3	3	2	2	2	4	4	5	2	2	2	6	5	3	3	3	5	5	5	6	2	5	5	6	4	4	5	2	5	5	3	9	2	2	3	4	6	6	7	3	6	6	8	3	5	5	4	8	6	6	3	3
yHMPu5000035252_yamadazyma_nakazawae_160928.max.cds	5	5	4	8	5	5	7	3	4	4	3	3	2	2	2	2	NA	1	1	6	5	4	4	4	5	3	3	3	1	6	6	7	5	5	7	3	6	6	3	9	3	3	5	6	6	6	7	2	5	5	8	3	7	7	7	9	7	7	2	2
yHMPu5000035261_candida_ponderosae_160928.max.cds	6	6	8	10	3	3	9	7	4	4	2	2	3	1	1	2	2	0	0	5	5	4	4	4	5	3	3	4	2	6	6	7	6	6	10	5	8	8	6	11	2	2	5	5	6	6	8	3	6	6	9	3	6	6	9	10	6	6	2	3
yHMPu5000035268_wickerhamomyces_hampshirensis_160928.max.cds	7	7	5	11	5	5	10	6	5	5	2	2	3	1	1	2	2	0	0	5	5	4	4	5	6	4	4	4	0	9	9	8	6	6	10	5	6	6	8	11	2	2	6	6	6	6	8	3	6	6	10	4	9	9	8	9	8	8	2	3
yHMPu5000035271_wickerhamomyces_bovis_160928.max.cds	6	6	6	10	5	5	9	5	5	5	2	2	4	1	1	3	4	0	0	6	6	4	4	6	7	3	3	3	0	8	8	9	7	7	9	3	6	6	7	12	2	2	6	6	8	8	9	2	9	9	11	2	8	8	9	10	9	9	1	2
yHMPu5000035274_wickerhamomyces_alni_160928.max.cds	6	6	4	8	5	5	9	5	5	5	2	2	4	1	1	4	4	0	0	7	7	3	3	5	6	3	3	3	1	5	5	6	6	6	8	3	6	6	8	10	3	3	6	6	7	7	8	2	6	6	9	3	6	6	5	7	8	8	2	2
yHMPu5000035279_tortispora_starmeri_160928.max.cds	2	2	1	1	1	1	3	3	1	1	1	1	1	2	2	4	4	1	1	2	2	1	1	1	2	2	2	3	2	3	3	3	2	2	4	3	2	2	2	4	1	1	2	3	2	2	3	2	2	2	4	3	3	3	2	4	2	2	2	2
yHMPu5000035282_trigonopsis_vinaria_160928.max.cds	3	3	1	3	2	2	4	3	2	2	1	1	2	2	2	3	2	2	2	3	2	3	3	1	3	2	2	4	3	3	3	4	3	3	4	2	3	3	1	5	1	1	2	3	3	3	3	1	4	4	6	3	4	4	2	5	3	3	2	2
yHMPu5000035286_candida_azyma_160928.max.cds	6	6	5	10	4	4	8	5	5	5	2	2	4	1	1	3	3	0	0	7	7	3	3	5	6	3	3	3	1	5	5	6	6	6	8	3	6	6	8	10	2	2	6	6	8	8	9	2	6	6	9	3	8	8	8	9	9	9	2	3
yHMPu5000035296_priceomyces_carsonii_160928.max.cds	4	4	3	7	3	3	6	4	4	4	2	2	2	2	2	2	NA	1	1	5	5	3	3	4	5	3	3	3	1	5	5	7	5	5	7	3	4	4	3	7	2	2	4	5	5	5	6	2	4	4	7	3	6	6	4	6	6	6	2	3
yHMPu5000035297_priceomyces_castillae_160928.max.cds	4	4	3	8	4	4	7	4	3	3	3	3	2	2	2	2	NA	1	1	4	4	3	3	4	5	3	3	3	1	5	5	7	5	5	7	3	5	5	3	9	2	2	4	5	4	4	5	2	4	4	7	3	5	5	4	6	7	7	2	3
yHMPu5000035301_pichia_terricola_160928.max.cds	9	9	10	15	9	9	13	5	9	9	4	4	4	3	3	5	4	0	0	11	11	6	6	8	9	2	2	2	1	12	12	14	11	11	15	5	9	9	7	19	3	3	10	11	12	12	13	2	3	3	14	11	11	11	14	16	14	14	3	3
yHMPu5000035302_candida_fragi_160928.max.cds	8	8	6	11	8	8	10	3	6	6	3	3	4	4	4	4	NA	1	1	8	8	4	4	6	7	3	3	4	2	9	9	11	9	9	11	3	7	7	4	14	2	2	8	9	10	10	11	3	9	9	12	3	10	10	10	12	12	12	3	4
yHMPu5000035318_hyphopichia_heimii_160928.max.cds	5	5	6	8	4	4	5	2	4	4	2	2	3	2	2	2	NA	1	1	5	4	3	3	4	5	2	2	2	1	6	6	7	5	5	6	2	4	4	6	9	2	2	5	6	5	5	6	2	4	4	6	2	5	5	6	7	5	5	2	2
yHMPu5000035325_cyberlindnera_petersonii_160928.max.cds	5	5	1	8	6	6	7	2	4	4	2	2	3	4	4	5	2	0	0	6	6	3	3	2	7	4	4	4	1	6	6	7	6	6	8	3	5	5	2	9	2	2	5	5	5	5	6	3	6	6	8	2	8	8	2	9	8	8	2	3
yHMPu5000035335_candida_blattae_160928.max.cds	7	7	2	11	6	6	7	3	5	5	3	3	3	3	3	4	NA	1	1	6	5	5	5	3	7	4	4	4	1	7	7	8	7	7	9	3	5	5	3	12	3	3	7	8	6	6	7	4	7	7	11	5	9	9	5	11	10	10	3	4
yHMPu5000035629_yueomyces_sinensis_160519.max.cds	6	6	10	13	10	10	14	5	7	7	3	3	5	1	1	2	2	1	1	10	9	5	5	7	8	3	3	3	1	10	10	12	10	10	13	4	8	8	6	16	3	3	8	9	12	12	14	3	13	13	17	4	11	11	11	12	15	15	2	3
yHMPu5000035633_candida_hispaniensis_160519.max.cds	8	8	1	5	11	11	13	3	5	5	3	3	5	7	7	8	2	7	7	9	3	5	5	6	11	1	1	11	10	10	10	11	8	8	10	3	7	7	4	18	3	3	2	3	10	10	11	4	9	9	12	4	10	10	5	21	11	11	6	6
yHMPu5000035639_wickerhamomyces_canadensis_160613.max.cds	6	6	5	10	4	4	8	5	5	5	2	2	4	1	1	3	3	0	0	7	7	3	3	5	6	3	3	3	1	7	7	9	6	6	8	3	6	6	8	10	2	2	6	7	9	9	10	2	6	6	9	3	8	8	8	9	9	9	2	3
yHMPu5000035640_yamadazyma_philogaea_160519.max.cds	5	5	3	7	5	5	7	3	4	4	3	3	3	2	2	2	NA	1	1	6	5	4	4	4	5	2	2	2	1	6	6	7	5	5	7	3	5	5	3	9	3	3	5	6	6	6	7	2	6	6	9	3	6	6	7	9	7	7	3	3
yHMPu5000035641_yamadazyma_scolyti_160613.max.cds	4	4	3	7	3	3	6	4	4	4	2	2	2	1	1	1	NA	1	1	3	3	3	3	3	4	2	2	2	1	4	4	6	4	4	5	2	4	4	4	8	2	2	4	5	4	4	5	1	4	4	6	2	5	5	5	7	4	4	2	2
yHMPu5000035643_yarrowia_bubula_160519.max.cds	19	19	1	5	22	22	25	9	14	14	8	8	14	22	22	24	14	21	21	24	5	14	14	3	17	1	1	28	27	24	24	25	19	19	22	6	16	16	5	43	6	6	4	5	26	26	28	10	32	32	36	6	28	28	7	36	48	48	13	13
yHMPu5000035645_yarrowia_divulgata_160519.max.cds	19	19	1	4	23	23	25	6	14	14	8	8	14	22	22	24	16	21	21	24	5	14	14	3	19	1	1	29	28	26	26	27	22	22	25	5	16	16	5	42	6	6	4	5	25	25	27	11	33	33	37	8	30	30	6	35	44	44	13	13
yHMPu5000035650_trigonopsis_variabilis_160613.max.cds	3	3	1	2	2	2	4	3	2	2	1	1	2	2	2	3	2	2	2	3	2	2	2	1	2	2	2	4	3	2	2	3	2	2	3	2	3	3	2	5	1	1	2	3	2	2	2	1	3	3	5	3	3	3	4	6	3	3	2	3
yHMPu5000035651_torulaspora_microellipsoides_160519.max.cds	7	7	4	13	8	8	10	3	6	6	3	3	4	1	1	3	3	1	1	8	7	4	4	6	7	4	4	4	2	9	9	10	7	7	8	2	6	6	6	13	4	4	7	8	7	7	8	3	7	7	12	5	10	10	9	11	10	10	2	3
yHMPu5000035652_torulaspora_maleeae_160613.max.cds	7	7	4	12	7	7	10	4	6	6	3	3	4	1	1	10	10	1	1	8	7	5	5	6	8	4	4	4	1	9	9	9	8	8	11	4	8	8	6	16	3	3	8	9	11	11	13	4	8	8	13	5	9	9	8	13	12	12	3	4
yHMPu5000035654_tortispora_ganteri_160519.max.cds	3	3	1	2	1	1	3	3	1	1	1	1	1	2	2	3	2	1	1	2	2	1	1	1	2	2	2	4	3	3	3	3	2	2	4	3	2	2	1	3	1	1	2	3	2	2	3	2	2	2	4	3	2	2	2	3	2	2	1	1
yHMPu5000035658_starmera_amethionina_160613.max.cds	9	9	10	13	7	7	13	7	5	5	3	3	5	1	1	2	3	0	0	9	9	5	5	8	9	4	4	4	1	6	6	6	7	7	9	3	7	7	9	11	4	4	9	9	6	6	10	5	4	4	9	5	10	10	8	9	10	10	5	5
yHMPu5000035659_saturnispora_dispora_160519.max.cds	2	2	5	6	4	4	7	4	7	7	3	3	4	4	4	6	4	0	0	2	2	6	6	4	5	2	2	2	1	2	2	3	1	1	3	3	9	9	4	11	3	3	4	5	5	5	6	2	7	7	9	2	4	4	3	5	8	8	3	4
yHMPu5000035662_meyerozyma_caribbica_160613.max.cds	4	4	1	7	4	4	6	4	3	3	3	3	2	2	2	2	NA	2	2	6	4	3	3	3	5	3	3	3	1	5	5	6	4	4	5	2	4	4	2	8	3	3	6	7	4	4	5	3	5	5	7	3	6	6	4	7	6	6	3	4
yHMPu5000035665_middelhovenomyces_tepae_160613.max.cds	5	5	1	3	3	3	5	4	3	3	2	2	3	3	3	4	3	3	3	5	3	3	3	2	4	3	3	5	3	6	6	6	4	4	7	4	4	4	3	7	2	2	3	4	4	4	5	3	5	5	8	4	5	5	4	7	4	4	4	4
yHMPu5000035667_kurtzmaniella_cleridarum_160928.max.cds	12	12	10	18	14	14	18	5	11	11	5	5	7	6	6	6	NA	1	1	14	14	8	8	13	14	6	6	7	2	18	18	20	15	15	19	5	12	12	9	27	4	4	15	16	17	17	20	5	14	14	20	6	18	18	20	22	20	20	4	5
yHMPu5000035670_phaffomyces_opuntiae_160613.max.cds	6	6	8	10	5	5	10	6	5	5	2	2	4	1	1	2	1	0	0	7	7	4	4	5	6	3	3	3	1	7	7	8	6	6	8	3	6	6	9	11	2	2	6	6	8	8	9	2	6	6	9	3	8	8	8	9	8	8	2	2
yHMPu5000035671_phaffomyces_antillensis_160613.max.cds	6	6	8	10	5	5	10	6	5	5	2	2	3	1	1	2	2	0	0	7	7	4	4	5	6	3	3	3	1	7	7	8	6	6	8	3	6	6	8	10	2	2	6	6	7	7	8	2	6	6	9	3	7	7	8	9	9	9	2	2
yHMPu5000035672_phaffomyces_thermotolerans_160613.max.cds	6	6	8	10	4	4	9	6	4	4	1	1	4	1	1	2	2	0	0	6	6	4	4	5	6	5	5	5	1	8	8	8	7	7	9	3	7	7	9	11	2	2	6	6	6	6	7	2	5	5	9	4	6	6	8	9	7	7	2	2
yHMPu5000035673_candida_orba_160613.max.cds	6	6	8	10	5	5	10	6	5	5	2	2	4	1	1	2	2	0	0	6	6	4	4	5	6	3	3	3	1	7	7	8	7	7	9	3	6	6	9	11	2	2	6	6	6	6	7	2	6	6	10	4	6	6	8	9	7	7	2	2
yHMPu5000035674_kregervanrija_delftensis_160613.max.cds	6	6	7	11	7	7	10	4	6	6	4	4	3	1	1	3	4	0	0	7	7	4	4	6	7	2	2	2	1	9	9	11	7	7	10	4	7	7	7	13	3	3	8	9	8	8	8	1	4	4	12	8	10	10	11	12	11	11	2	2
yHMPu5000035675_kregervanrija_fluxuum_160613.max.cds	6	6	8	11	7	7	12	6	6	6	4	4	3	1	1	3	4	0	0	7	7	4	4	6	7	3	3	3	1	9	9	11	6	6	10	5	8	8	8	14	3	3	8	9	8	8	9	2	4	4	12	8	11	11	10	12	8	8	2	2
yHMPu5000035677_kodamaea_ohmeri_160519.max.cds	10	10	2	17	10	10	12	5	8	8	4	4	5	5	5	5	NA	3	3	12	10	6	6	3	11	5	5	5	1	12	12	14	11	11	13	4	9	9	3	21	4	4	10	11	13	13	14	5	12	12	16	6	13	13	5	17	16	16	3	4
yHMPu5000035679_candida_rhagii_160613.max.cds	5	5	6	9	5	5	7	3	4	4	2	2	3	2	2	2	NA	1	1	5	4	3	3	4	5	2	2	2	1	6	6	7	5	5	6	2	4	4	6	9	2	2	6	7	5	5	6	2	4	4	6	2	5	5	6	7	5	5	2	2
yHMPu5000035681_candida_gotoi_160519.max.cds	5	5	5	7	4	4	7	4	4	4	2	2	3	2	2	2	NA	1	1	6	5	4	4	4	5	2	2	2	1	6	6	7	5	5	6	2	4	4	6	9	2	2	6	7	5	5	6	2	5	5	8	3	5	5	7	8	6	6	2	2
yHMPu5000035684_kloeckera_hatyaiensis_160519.max.cds	4	4	6	9	5	5	6	2	4	4	2	2	2	1	1	4	4	0	0	5	5	3	3	4	5	1	1	1	1	6	6	7	5	5	6	2	5	5	9	15	2	2	6	6	7	7	8	1	6	6	7	1	6	6	8	9	7	7	2	2
yHMPu5000035686_cyberlindnera_saturnus_160519.max.cds	6	6	1	10	7	7	8	2	4	4	2	2	4	4	4	5	2	0	0	8	8	5	5	5	8	5	5	5	1	7	7	8	7	7	9	3	6	6	3	14	2	2	7	7	8	8	9	5	7	7	10	3	8	8	4	11	9	9	1	2
yHMPu5000035687_cyberlindnera_suaveolens_160613.max.cds	6	6	1	10	7	7	8	2	4	4	2	2	4	3	3	4	2	0	0	7	7	4	4	5	7	4	4	4	1	7	7	9	7	7	9	3	6	6	3	11	2	2	7	7	8	8	9	4	7	7	10	3	8	8	4	11	10	10	1	2
yHMPu5000035688_cyberlindnera_xylosilytica_160519.max.cds	5	5	1	7	6	6	7	2	4	4	2	2	3	4	4	5	2	0	0	5	5	7	7	2	7	3	3	3	1	6	6	7	6	6	8	3	5	5	2	9	2	2	5	5	7	7	8	3	6	6	9	3	6	6	2	9	8	8	3	4
yHMPu5000035689_candida_mycetangii_160613.max.cds	4	4	1	8	6	6	7	2	4	4	2	2	3	4	4	5	2	0	0	5	5	3	3	2	6	4	4	4	1	6	6	7	6	6	8	3	5	5	2	8	2	2	5	5	7	7	8	3	6	6	8	2	7	7	2	9	8	8	1	2
yHMPu5000035690_candida_vartiovaarae_160613.max.cds	6	6	1	10	7	7	8	2	4	4	2	2	4	3	3	4	2	0	0	7	7	4	4	3	7	4	4	4	1	7	7	8	7	7	9	3	6	6	3	12	2	2	7	7	8	8	9	4	8	8	11	3	8	8	4	12	9	9	2	3
yHMPu5000035691_candida_salmanticensis_160519.max.cds	3	3	1	3	2	2	4	3	2	2	1	1	2	2	2	3	2	2	2	4	3	2	2	1	3	1	1	2	2	3	3	4	2	2	4	3	3	3	2	5	1	1	3	4	3	3	4	2	3	3	4	2	4	4	2	5	3	3	2	3
yHMPu5000035695_hanseniaspora_pseudoguilliermondii_160519.max.cds	4	4	5	7	6	6	7	2	5	5	1	1	2	1	1	1	1	0	0	5	5	2	2	5	6	1	1	1	1	7	7	9	5	5	6	2	6	6	3	10	2	2	5	5	8	8	9	1	6	6	12	6	7	7	7	8	6	6	1	1
yHMPu5000035696_hanseniaspora_singularis_160519.max.cds	10	10	12	15	9	9	11	2	7	7	3	3	7	1	1	1	1	0	0	9	9	5	5	14	15	1	1	1	1	11	11	13	10	10	13	4	8	8	8	21	3	3	10	10	11	11	14	3	11	11	14	3	12	12	29	30	26	26	4	4
yHMPu5000035699_cyberlindnera_maclurae_160613.max.cds	5	5	1	7	5	5	7	3	4	4	2	2	4	4	4	5	4	0	0	6	6	3	3	2	6	4	4	4	1	6	6	7	7	7	9	3	5	5	2	9	2	2	6	6	6	6	8	5	7	7	9	3	9	9	2	8	8	8	2	3
yHMPu5000035703_cyberlindnera_americana_160613.max.cds	5	5	2	13	7	7	9	3	5	5	2	2	3	4	4	5	2	0	0	6	6	3	3	3	7	4	4	4	1	7	7	8	6	6	8	3	5	5	3	11	2	2	6	6	9	9	10	3	7	7	9	2	8	8	3	11	9	9	2	3
yHMPu5000035707_candida_heveicola_160519.max.cds	6	6	2	9	5	5	6	3	5	5	3	3	3	3	3	3	NA	2	2	6	4	4	4	2	6	3	3	3	1	7	7	8	7	7	9	3	5	5	3	10	3	3	7	8	6	6	7	4	8	8	10	3	8	8	3	9	9	9	2	3
yHMPu5000041678_debaryomyces_prosopidis_160928.max.cds	8	8	8	12	6	6	9	4	7	7	4	4	4	2	2	2	NA	1	1	9	8	5	5	7	8	4	4	4	1	10	10	12	7	7	9	3	8	8	8	17	3	3	10	11	10	10	11	2	8	8	12	6	10	10	10	11	10	10	3	4
yHMPu5000041693_debaryomyces_nepalensis_160928.max.cds	8	8	8	14	7	7	11	5	6	6	4	4	4	2	2	2	NA	1	1	8	7	5	5	7	8	3	3	3	1	10	10	12	7	7	9	3	8	8	6	19	3	3	8	9	11	11	13	3	8	8	16	9	9	9	10	12	11	11	4	5
yHMPu5000041713_debaryomyces_maramus_160928.max.cds	7	7	6	10	6	6	8	4	5	5	3	3	3	2	2	2	NA	1	1	7	6	4	4	6	7	4	4	4	1	8	8	10	6	6	8	3	6	6	6	10	3	3	7	8	7	7	8	2	7	7	11	4	9	9	8	9	10	10	3	4
yHMPu5000041743_candida_hawaiiana_160928.max.cds	7	7	2	14	9	9	11	4	7	7	3	3	4	4	4	4	NA	2	2	10	8	5	5	7	9	4	4	4	1	9	9	11	8	8	10	3	7	7	4	16	3	3	9	10	11	11	12	3	11	11	15	4	13	13	7	16	13	13	4	4
yHMPu5000041818_magnusiomyces_tetrasperma_160928.max.cds	11	11	3	9	12	12	17	7	10	10	7	7	7	13	13	14	2	10	10	15	7	9	9	4	12	10	10	13	4	14	14	16	12	12	16	6	11	11	5	22	5	5	8	10	15	15	17	5	19	19	23	6	14	14	10	21	20	20	5	5
yHMPu5000041822_dipodascus_geniculatus_160928.max.cds	12	12	3	9	12	12	16	6	9	9	4	4	7	11	11	13	4	11	11	16	7	8	8	8	10	8	8	11	4	15	15	17	11	11	15	6	12	12	8	24	6	6	10	11	14	14	17	5	16	16	21	6	15	15	13	22	16	16	8	8
yHMPu5000041824_debaryomyces_subglobosus_160928.max.cds	8	8	9	13	6	6	9	4	6	6	4	4	4	2	2	2	NA	1	1	7	6	5	5	7	8	4	4	4	1	9	9	11	7	7	9	3	8	8	7	14	3	3	8	9	11	11	12	2	7	7	12	6	9	9	9	10	11	11	3	4
yHMPu5000041829_debaryomyces_fabryi_160928.max.cds	8	8	9	13	6	6	9	4	6	6	4	4	4	2	2	2	NA	1	1	8	7	5	5	7	8	4	4	4	1	9	9	11	7	7	9	3	8	8	7	15	3	3	8	9	10	10	11	2	7	7	11	5	9	9	9	10	11	11	3	4
yHMPu5000041833_candida_tammaniensis_160928.max.cds	4	4	4	7	3	3	6	4	4	4	2	2	2	1	1	1	NA	1	1	4	3	2	2	3	4	2	2	2	1	4	4	6	3	3	4	2	4	4	5	7	2	2	4	5	4	4	5	2	3	3	5	2	5	5	5	6	4	4	2	2
yHMPu5000041840_candida_wancherniae_160928.max.cds	7	7	1	7	3	3	4	3	4	4	2	2	2	3	3	3	NA	2	2	6	4	3	3	3	5	3	3	3	1	4	4	6	5	5	7	3	4	4	3	8	3	3	6	7	4	4	5	3	5	5	9	4	6	6	3	7	6	6	2	3
yHMPu5000041855_candida_ascalaphidarum_160928.max.cds	5	5	2	9	5	5	6	3	4	4	3	3	3	3	3	3	NA	3	3	5	3	3	3	3	8	3	3	3	1	6	6	8	6	6	7	3	5	5	2	9	2	2	5	6	5	5	6	4	7	7	9	3	7	7	2	8	10	10	2	3
yHMPu5000041862_candida_golubevii_160928.max.cds	7	7	1	6	4	4	6	4	3	3	2	2	3	3	3	3	NA	2	2	7	5	4	4	3	5	4	4	4	1	3	3	4	5	5	7	4	5	5	3	10	3	3	7	8	4	4	5	3	6	6	8	3	5	5	3	9	7	7	3	4
yHMPu5000041863_candida_gorgasii_160928.max.cds	4	4	5	6	3	3	6	4	4	4	2	2	2	1	1	1	NA	1	1	4	3	2	2	3	4	2	2	2	1	4	4	6	3	3	5	3	4	4	5	7	2	2	4	5	4	4	5	1	3	3	5	2	4	4	5	6	4	4	2	2
yarrowia_deformans.max.cds	18	18	1	4	24	24	26	6	15	15	9	9	14	22	22	24	15	22	22	25	5	14	14	3	19	1	1	31	30	26	26	27	22	22	25	5	17	17	4	42	6	6	4	5	27	27	29	10	31	31	35	6	28	28	6	33	33	33	12	12
yarrowia_keelungensis.max.cds	17	17	1	4	21	21	23	6	14	14	8	8	14	21	21	23	19	20	20	23	5	14	14	4	19	1	1	28	27	28	28	29	22	22	25	6	17	17	5	43	6	6	4	5	26	26	28	11	32	32	36	7	30	30	6	35	33	33	12	12
yarrowia_lipolytica.max.cds	17	17	1	4	21	21	23	6	14	14	8	8	13	21	21	23	15	21	21	24	5	12	12	3	18	1	1	26	25	26	26	27	22	22	25	5	16	16	4	38	6	6	4	5	24	24	26	10	30	30	34	6	28	28	6	33	30	30	11	11
zygosaccharomyces_bailii.max.cds	4	4	0	9	2	2	4	3	6	6	4	4	5	1	1	3	3	4	4	10	6	4	4	3	5	6	6	6	1	4	4	6	6	6	8	3	5	5	6	16	4	4	1	3	4	4	6	6	2	2	4	3	9	9	4	5	0	0	2	4
zygosaccharomyces_rouxii.max.cds	8	8	4	14	12	12	15	5	7	7	4	4	6	1	1	5	5	3	3	13	10	6	6	10	13	5	5	5	1	12	12	12	10	10	12	4	9	9	7	21	5	5	8	10	12	12	14	6	12	12	21	9	14	14	10	14	17	17	5	7
