id,old_species_id,Species name,Common synonym,Major clade,Family,Genus,Strain sequenced,NRRL,CBS,JCM,Other collection/strain ID,Genome accession,Resouce,Strain status,Type species,No. contigs/scaffolds,No. genes,Coverage,Assembly size,N50,GC%,Heterozygosity,CUG usage,BUSCO Complete,BUSCO Duplicated,BUSCO Fragmented,BUSCO Missing,Reference,Note
1,Lipomyces_starkeyi,Lipomyces starkeyi,,Lipomycetaceae,Lipomycetaceae,Lipomyces,NRRL Y-11557,Y-11557,,5995,,JGI,Public,Type,Yes,117,8889,Unknown,21267709,1341299,46.92 ,Unknown,Leu,1566,11,126,56,"Riley R, et al. Comparative genomics of biotechnologically important yeasts. Proc Natl Acad Sci USA 113:9882-7 (2016).",
2,yHMPu5000034761_Lipomyces_lipofer,Lipomyces lipofer,,Lipomycetaceae,Lipomycetaceae,Lipomyces,NRRL Y-11555,Y-11555,944,3769,,PPJX00000000,Y1000+,Type,No,996,7989,44.41354167,19726166,117313,48.20 ,0.000012,Leu,1541,23,131,64,This study,
3,yHMPu5000034760_Lipomyces_kononenkoae,Lipomyces kononenkoae,,Lipomycetaceae,Lipomycetaceae,Lipomyces,NRRL Y-11553,Y-11553,2514,5989,,PPJW00000000,Y1000+,Type,No,754,7718,72.55941667,17189825,191657,46.78 ,0.000028,Leu,1554,10,139,56,This study,
4,yHMPu5000034758_Lipomyces_japonicus,Lipomyces japonicus,,Lipomycetaceae,Lipomycetaceae,Lipomyces,NRRL Y-17848,Y-17848,7319,7254,,PPJV00000000,Y1000+,Type,No,690,6513,108.5994583,13820964,143735,41.91 ,0.000057,Leu,1539,6,134,80,This study,
5,yHMPu5000034757_Lipomyces_doorenjongii,Lipomyces doorenjongii,,Lipomycetaceae,Lipomycetaceae,Lipomyces,NRRL Y-27504,Y-27504,7542,,,PPJU00000000,Y1000+,Type,No,568,5910,88.35375,12180802,435637,44.09 ,0.000012,Leu,1535,3,140,81,This study,
6,yHMPu5000034754_Lipomyces_arxii,Lipomyces arxii,,Lipomycetaceae,Lipomycetaceae,Lipomyces,NRRL Y-17921,Y-17921,7333,,,PPJT00000000,Y1000+,Type,No,1357,8351,35.73841667,19188461,106695,46.92 ,0.000008,Leu,1544,7,141,67,This study,
7,yHMPu5000034749_Lipomyces_mesembrius,Lipomyces mesembrius,,Lipomycetaceae,Lipomycetaceae,Lipomyces,NRRL Y-27506,Y-27506,7661,,,PPJS00000000,Y1000+,Type,No,547,7511,66.27216667,17054990,258083,47.03 ,0.000021,Leu,1563,10,124,62,This study,
8,yHMPu5000034748_Lipomyces_oligophaga,Lipomyces oligophaga,Lipomyces oligophagus,Lipomycetaceae,Lipomycetaceae,Lipomyces,NRRL Y-17247,Y-17247,7107,,,PPJR00000000,Y1000+,Type,No,124,5873,67.375875,13616849,1392634,43.70 ,0,Leu,1525,3,149,82,This study,
9,yHMPu5000034742_Lipomyces_suomiensis,Lipomyces suomiensis,,Lipomycetaceae,Lipomycetaceae,Lipomyces,NRRL Y-17356,Y-17356,7251,7660,,PPJQ00000000,Y1000+,Type,No,376,6211,43.486875,14048526,473546,44.32 ,0,Leu,1549,11,125,74,This study,
10,Tortispora_caseinolytica,Tortispora caseinolytica,,Trigonopsidaceae,Trigonopsidaceae,Tortispora,NRRL Y-17796,Y-17796,7781,,,JGI,Public,Type,No,6,4587,Unknown,9180161,3113199,45.42 ,Unknown,Leu,1532,0,134,93,"Riley R, et al. Comparative genomics of biotechnologically important yeasts. Proc Natl Acad Sci USA 113:9882-7 (2016).",
11,yHMPu5000035654_Tortispora_ganteri,Tortispora ganteri,,Trigonopsidaceae,Trigonopsidaceae,Tortispora,NRRL Y-17035,Y-17035,12581,,,PPNB00000000,Y1000+,Type,Yes,1044,5266,102.4342917,9437723,303499,42.86 ,0.003686,Leu,1510,10,139,100,This study,
12,yHMPu5000035650_Trigonopsis_variabilis,Trigonopsis variabilis,,Trigonopsidaceae,Trigonopsidaceae,Trigonopsis,NRRL Y-1579,Y-1579,1040,1823,,PPXM00000000,Y1000+,Type,Yes,338,5469,89.43179167,11441937,1082171,45.28 ,0.000013,Leu,1308,3,262,186,This study,
13,yHMPu5000035282_Trigonopsis_vinaria,Trigonopsis vinaria,,Trigonopsidaceae,Trigonopsidaceae,Trigonopsis,NRRL Y-5715,Y-5715,4077,1813,,PPMK00000000,Y1000+,Type,No,551,5420,57.5,11230034,412411,44.56 ,0.000014,Leu,1072,4,215,468,This study,
14,yHMPu5000035279_Tortispora_starmeri,Tortispora starmeri,,Trigonopsidaceae,Trigonopsidaceae,Tortispora,NRRL Y-63665,Y-63665,12793,,,PPMJ00000000,Y1000+,Type,No,1255,4978,18.12,9371295,269795,42.66 ,0.000028,Leu,1458,2,179,120,This study,
15,yHMPu5000034655_Botryozyma_nematodophila,Botryozyma nematodophila,,Trigonopsidaceae,Trigonopsidaceae,Botryozyma,NRRL Y-17705,Y-17705,7426,,,PPJC00000000,Y1000+,Type,Yes,28196,11043,16.63,16251329,2738,28.11 ,0.000001,Leu,906,1,526,326,This study,
16,Arxula_adeninivorans,Blastobotrys adeninivorans,,Dipodascaceae/Trichomonascaceae,Trichomonascaceae,Blastobotrys,LS3,,,,LS3,Genolevures,Public,Reference,No,4,5939,Unknown,11804616,3827910,48.12 ,Unknown,Leu,1663,7,75,14,"Kunze G, et al. The complete genome of Blastobotrys (Arxula) adeninivorans LS3 - a yeast of biotechnological interest. Biotechnol Biofuels 7, 66 (2014).",
17,Candida_apicola,Starmerella apicola,Candida apicola,Dipodascaceae/Trichomonascaceae,Dipodascaceae,Candida,NRRL Y-50540,Y-50540,,,,NCBI,Public,Type,No,40,4833,Unknown,9769876,773945,45.23 ,Unknown,Leu,1374,7,143,235,"Vega-Alvarado L, et al. High-Quality Draft Genome Sequence of Candida apicola NRRL Y-50540. Genome Announc 3, (2015).",
18,Candida_infanticola,Wickerhamiella infanticola,Candida infanticola,Dipodascaceae/Trichomonascaceae,Dipodascaceae,Wickerhamiella,DS02,,,,DS02,NCBI,Public,Reference,No,22,4489,Unknown,8152740,2571092,48.32 ,Unknown,Leu,1477,10,147,125,"Lee H, et al. Genbank Accession IDs: LWLF01000001-LWLF01000022 (2016).",
19,Candida_versatilis,Wickerhamiella versatilis,Candida versatilis,Dipodascaceae/Trichomonascaceae,Dipodascaceae,Wickerhamiella,JCM 5958,,7511,5958,,GCA_001600375.1,NBRP/RIKEN,Reference,No,19,5476,See Supplementary Methods,9313034,2231275,45.04 ,Unknown,Leu,1437,7,158,157,This study,
20,Geotrichum_candidum,Geotrichum candidum,Galactomyces candidus,Dipodascaceae/Trichomonascaceae,Dipodascaceae,Geotrichum,CLIB 918,,,,CLIB 918,NCBI,Public,Reference,Yes,28,7139,Unknown,24836057,1159651,41.80 ,Unknown,Leu,1431,178,97,53,"Morel G, et al. Differential gene retention as an evolutionary mechanism to generate biodiversity and adaptation in yeasts. Sci Rep 5: 11571 (2015).",
21,Nadsonia_fulvescens_var_elongata,Nadsonia fulvescens var. elongata,,Dipodascaceae/Trichomonascaceae,Dipodascaceae,Nadsonia,DSMZ 6958,,,1632,DSMZ 6958,JGI,Public,Reference,No,20,5861,Unknown,13746944,1627684,39.25 ,Unknown,Leu,1594,59,81,25,"Riley R, et al. Comparative genomics of biotechnologically important yeasts. Proc Natl Acad Sci USA 113:9882-7 (2016).",
22,Saprochaete_clavata,Saprochaete clavata,,Dipodascaceae/Trichomonascaceae,Dipodascaceae,Saprochaete,CNRMA 12.647,,,,CNRMA 12.647,NCBI,Public,Reference,No,339,6749,Unknown,17715251,156673,33.79 ,Unknown,Leu,1609,7,94,49,"Vaux S, et al. Multicenter outbreak of infections by Saprochaete clavata, an unrecognized opportunistic fungal pathogen. MBio. 2014;5(6).",
23,Starmerella_bombicola_JCM9596,Starmerella bombicola,,Dipodascaceae/Trichomonascaceae,Dipodascaceae,Starmerella,JCM 9596,Y-17069,6009,9596,,GCA_001599315.1,NBRP/RIKEN,Type,Yes,16,4706,See Supplementary Methods,9561028,2890200,48.18 ,Unknown,Leu,1405,2,143,209,This study,
24,Sugiyamaella_lignohabitans,Sugiyamaella lignohabitans,,Dipodascaceae/Trichomonascaceae,Trichomonascaceae,Sugiyamaella,CBS 10342,YB-1473,10342,,,NCBI,Public,Type,No,5,6447,Unknown,15982127,4956242,44.86 ,Unknown,Leu,1654,9,83,13,"Bellasio M, et al. Complete genome sequence and transcriptome regulation of the pentose utilizing yeast Sugiyamaella lignohabitans. FEMS Yeast Res. 2016 Jun;16(4). ",
25,Wickerhamiella_domercqiae,Wickerhamiella domercqiae,,Dipodascaceae/Trichomonascaceae,Trichomonascaceae,Wickerhamiella,JCM 9478,Y-6692,4351,9478,,GCA_001599275.1,NBRP/RIKEN,Reference,Yes,4,4162,See Supplementary Methods,8470812,2224469,48.89 ,Unknown,Leu,1426,3,148,182,This study,
26,Yarrowia_deformans,Yarrowia deformans,,Dipodascaceae/Trichomonascaceae,Dipodascaceae,Yarrowia,JCM 1694,Y-321,2071,1694,,GCA_001600075.1,NBRP/RIKEN,Type,No,44,6509,See Supplementary Methods,20877144,1186048,50.39 ,Unknown,Leu,1695,8,43,13,This study,
27,Yarrowia_keelungensis,Yarrowia keelungensis,,Dipodascaceae/Trichomonascaceae,Dipodascaceae,Yarrowia,JCM 14894,Y-63742,11062,14894,,GCA_001600195.1,NBRP/RIKEN,Type,No,41,6382,See Supplementary Methods,21824367,2565013,48.31 ,Unknown,Leu,1691,12,45,11,This study,
28,Yarrowia_lipolytica,Yarrowia lipolytica,,Dipodascaceae/Trichomonascaceae,Dipodascaceae,Yarrowia,CLIB 122,,,,CLIB 122,Genolevures,Public,Reference,Yes,6,6433,Unknown,20502978,3633272,49.05 ,Unknown,Leu,1694,12,40,13,"Dujon B, et al. Genome evolution in yeasts. Nature 430, 35–44 (2004).",
29,yHMPu5000041822_Dipodascus_geniculatus,Dipodascus geniculatus,,Dipodascaceae/Trichomonascaceae,Dipodascaceae,Dipodascus,NRRL Y-17628,Y-17628,184.80,,,PPOV00000000,Y1000+,Type,No,303,6924,58.96,15159161,254019,41.13 ,0.000007,Leu,1491,97,109,62,This study,
30,yHMPu5000041818_Magnusiomyces_tetrasperma,Magnusiomyces tetraspermus,Magnusiomyces tetrasperma,Dipodascaceae/Trichomonascaceae,Dipodascaceae,Magnusiomyces,NRRL Y-7288,Y-7288,765.70,6361,,PPOU00000000,Y1000+,Type,No,1083,8711,112.79,25831330,141295,38.23 ,0.000082,Leu,909,229,159,462,This study,
31,yHMPu5000035691_Candida_salmanticensis,Groenewaldozyma salmanticensis,,Dipodascaceae/Trichomonascaceae,Saccharomycetales incertae sedis,Groenewaldozyma,NRRL Y-17090,Y-17090,5121,8896,,PPNW00000000,Y1000+,Type,Yes,216,5902,41.26158333,12292129,374553,43.35 ,0.000004,Leu,1625,8,99,27,This study,
32,yHMPu5000035665_Middelhovenomyces_tepae,Middelhovenomyces tepae,,Dipodascaceae/Trichomonascaceae,Saccharomycetales incertae sedis,Middelhovenomyces,NRRL Y-17670,Y-17670,5115,9474,,PPNF00000000,Y1000+,Type,Yes,317,6443,70.95083333,14976273,1060276,40.90 ,0.000001,Leu,1591,10,128,30,This study,
33,yHMPu5000035645_Yarrowia_divulgata,Yarrowia divulgata,,Dipodascaceae/Trichomonascaceae,Dipodascaceae,Yarrowia,NRRL Y-63741,Y-63741,11013,,,PPMY00000000,Y1000+,Type,No,488,6691,57.843625,21397450,150730,50.20 ,0,Leu,1683,15,46,15,This study,
34,yHMPu5000035643_Yarrowia_bubula,Yarrowia bubula,,Dipodascaceae/Trichomonascaceae,Dipodascaceae,Yarrowia,NRRL Y-63668,Y-63668,12934,,,PPMX00000000,Y1000+,Type,No,811,6797,116.7808333,20593375,163923,46.99 ,0.000003,Leu,1669,11,50,29,This study,
35,yHMPu5000035633_Candida_hispaniensis,Candida hispaniensis,,Dipodascaceae/Trichomonascaceae,Dipodascaceae,Candida,NRRL Y-5580,Y-5580,9996,,,PPSY00000000,Y1000+,Type,No,344,5389,176.9942083,10636565,1168197,41.59 ,0.000011,Leu,1630,6,92,31,This study,
36,yHMPu5000035244_Candida_incommunis,Candida incommunis,,Dipodascaceae/Trichomonascaceae,Saccharomycetales incertae sedis,Candida,NRRL Y-17085,Y-17085,5604,8258,,PPME00000000,Y1000+,Type,No,570,5696,34.30725,11993152,501818,46.83 ,0.000007,Leu,1624,6,83,46,This study,
37,yHMPu5000035243_Zygoascus_meyerae,Zygoascus meyerae,,Dipodascaceae/Trichomonascaceae,Trichomonascaceae,Zygoascus,NRRL Y-17319,Y-17319,4099,9479,,PPMD00000000,Y1000+,Type,No,242,5629,57.48,12198265,668598,43.09 ,0.000004,Leu,1128,2,121,508,This study,
38,yHMPu5000035242_Zygoascus_ofunaensis,Zygoascus ofunaensis,,Dipodascaceae/Trichomonascaceae,Trichomonascaceae,Zygoascus,NRRL Y-10998,Y-10998,8129,,,PPMC00000000,Y1000+,Type,No,676,5725,52.10420833,13095549,961671,43.72 ,0.000014,Leu,1636,5,90,28,This study,
39,yHMPu5000034974_Deakozyma_indianensis,Deakozyma indianensis,,Dipodascaceae/Trichomonascaceae,Saccharomycetales incertae sedis,Deakozyma,NRRL YB-1937,YB-1937,12903,,,PPLG00000000,Y1000+,Type,Yes,363,5535,42.28733333,11721294,413368,47.77 ,0.000004,Leu,1627,8,90,34,This study,
40,yHMPu5000034681_Blastobotrys_americana,Blastobotrys americana,,Dipodascaceae/Trichomonascaceae,Trichomonascaceae,Blastobotrys,NRRL Y-6844,Y-6844,10337,,,PPJN00000000,Y1000+,Type,No,159,5788,139.0774167,12576661,330016,43.79 ,0.000008,Leu,1644,10,93,12,This study,
41,yHMPu5000034675_Blastobotrys_mokoenaii,Blastobotrys mokoenaii,,Dipodascaceae/Trichomonascaceae,Trichomonascaceae,Blastobotrys,NRRL Y-27120,Y-27120,,,,PPJM00000000,Y1000+,Type,No,637,6191,83.29004167,13716247,249261,48.87 ,0.000009,Leu,1645,13,77,24,This study,
42,yHMPu5000034674_Blastobotrys_muscicola,Blastobotrys muscicola,,Dipodascaceae/Trichomonascaceae,Trichomonascaceae,Blastobotrys,NRRL Y-7993,Y-7993,10338,,,PPJL00000000,Y1000+,Type,No,1987,6761,40.27266667,14645307,231195,50.30 ,0.00002,Leu,1637,10,98,14,This study,
43,yHMPu5000034673_Blastobotrys_nivea,Blastobotrys nivea,,Dipodascaceae/Trichomonascaceae,Trichomonascaceae,Blastobotrys,NRRL Y-17581,Y-17581,,2933,,PPJK00000000,Y1000+,Type,Yes,7527,9671,14.63,15237305,3421,43.61 ,0,Leu,1041,3,446,269,This study,
44,yHMPu5000034671_Blastobotrys_peoriensis,Blastobotrys peoriensis,,Dipodascaceae/Trichomonascaceae,Trichomonascaceae,Blastobotrys,NRRL YB-2290,YB-2290,10340,,,PPJJ00000000,Y1000+,Type,No,888,6289,23.25129167,14110558,128293,51.84 ,0,Leu,1645,14,87,13,This study,
45,yHMPu5000034670_Blastobotrys_proliferans,Blastobotrys proliferans,,Dipodascaceae/Trichomonascaceae,Trichomonascaceae,Blastobotrys,NRRL Y-17577,Y-17577,,2928,,PPJI00000000,Y1000+,Type,No,479,7445,28.00783333,14648099,172408,44.56 ,0.000002,Leu,1670,10,61,18,This study,
46,yHMPu5000034669_Blastobotrys_raffinofermentans,Blastobotrys raffinosifermentans,,Dipodascaceae/Trichomonascaceae,Trichomonascaceae,Blastobotrys,NRRL Y-27150,Y-27150,6800,,,PPJH00000000,Y1000+,Type,No,61,6242,32.41058333,12452755,677989,48.22 ,0,Leu,1659,16,70,14,This study,
47,yHMPu5000034667_Blastobotrys_serpentis,Blastobotrys serpentis,,Dipodascaceae/Trichomonascaceae,Trichomonascaceae,Blastobotrys,NRRL Y-48249,Y-48249,,,,PPJG00000000,Y1000+,Type,No,847,6716,92.17870833,13736849,221797,42.09 ,0.000012,Leu,1665,17,58,19,This study,
48,yHMPu5000034661_Dipodascus_albidus,Dipodascus albidus,,Dipodascaceae/Trichomonascaceae,Dipodascaceae,Dipodascus,NRRL Y-12859,Y-12859,766.85,5297,,PPJE00000000,Y1000+,Type,Yes,725,7267,58.12191667,16126720,161660,35.81 ,0.000001,Leu,1534,99,75,51,This study,
49,yHMPu5000034660_Diddensiella_caesifluorescens,Diddensiella caesifluorescens,,Dipodascaceae/Trichomonascaceae,Trichomonascaceae,Diddensiella,NRRL Y-48781,Y-48781,12613,,,PPJD00000000,Y1000+,Type,Yes,355,6246,90.500125,11981518,663820,44.64 ,0.000027,Leu,1650,14,79,16,This study,
50,yHMPu5000034646_Wickerhamiella_cacticola,Wickerhamiella cacticola,,Dipodascaceae/Trichomonascaceae,Trichomonascaceae,Wickerhamiella,NRRL Y-27362,Y-27362,8454,,,PPIZ00000000,Y1000+,Type,No,1891,5846,125.385375,12552684,215228,48.24 ,0.000016,Leu,1437,20,143,159,This study,
51,yHMPu5000034635_Nadsonia_fulvescens,Nadsonia fulvescens var. fulvescens,,Dipodascaceae/Trichomonascaceae,Dipodascaceae,Nadsonia,NRRL Y-12810,Y-12810,2596,9992,,PPIV00000000,Y1000+,Type,Yes,14721,7096,226.2043333,13808416,202570,39.46 ,0.000013,Leu,1555,70,96,38,This study,
52,yHMPu5000034605_Spencermartinsiella_europaea,Spencermartinsiella europaea,,Dipodascaceae/Trichomonascaceae,Trichomonascaceae,Spencermartinsiella,NRRL Y-48265,Y-48265,11730,,,PPIE00000000,Y1000+,Type,Yes,363,6401,71.85779167,14643834,347462,46.31 ,0.000006,Leu,1655,16,72,16,This study,
53,Alloascoidea_hylecoeti,Alloascoidea hylecoeti,,Alloascoideaceae,Alloascoideaceae,Alloascoidea,JCM 7604,Y-17703,,7604,,GCA_001600815.1,NBRP/RIKEN,Reference,Yes,136,9631,See Supplementary Methods,24815695,949999,31.57 ,Unknown,Leu,1539,135,64,21,This study,
54,Sporopachydermia_quercuum,Sporopachydermia quercuum,,Sporopachydermia clade,Saccharomycetales incertae sedis,Sporopachydermia,JCM 9486,Y-17847,8070,9486,,GCA_001599295.1,NBRP/RIKEN,Reference,No,15,5968,See Supplementary Methods,16411463,1903616,36.33 ,Unknown,Leu,1602,16,107,34,This study,
55,yHMPu5000034604_Sporopachydermia_lactativora,Sporopachydermia lactativora,,Sporopachydermia clade,Saccharomycetales incertae sedis,Sporopachydermia,NRRL Y-11591,Y-11591,6192,9485,,PPID00000000,Y1000+,Type,Yes,1572,6204,120.8130417,16533064,94997,44.40 ,0.000021,Leu,1574,19,124,42,This study,
56,Nakazawaea_peltata,Nakazawaea peltata,,CUG-Ala,Saccharomycetales incertae sedis,Nakazawaea,JCM 9829,Y-6888,5576,9829,,GCA_001599355.1,NBRP/RIKEN,Type,No,11,5458,See Supplementary Methods,11653826,1221263,40.61 ,Unknown,Ala,1628,3,99,29,This study,
57,Pachysolen_tannophilus,Pachysolen tannophilus,,CUG-Ala,Saccharomycetales incertae sedis,Pachysolen,NRRL Y-2460,Y-2460,4044,31685,,JGI,Public,Type,Yes,198,5800,Unknown,12597116,1751653,29.92 ,Unknown,Ala,1663,14,57,25,"Riley R, et al. Comparative genomics of biotechnologically important yeasts. Proc Natl Acad Sci USA 113:9882-7 (2016).",
58,yHMPu5000034918_Nakazawaea_holstii,Nakazawaea holstii,,CUG-Ala,Saccharomycetales incertae sedis,Nakazawaea,NRRL Y-2155,Y-2155,4140,3608,,PPKU00000000,Y1000+,Type,Yes,699,6206,33.46275,13435275,122314,35.35 ,0.000007,Ala,1638,12,75,34,This study,
59,yHMPu5000034884_Peterozyma_toletana,Peterozyma toletana,,CUG-Ala,Saccharomycetales incertae sedis,Peterozyma,NRRL YB-4247,YB-4247,2504,3658,,PPKG00000000,Y1000+,Type,Yes,422,6276,79.097875,13606243,363362,38.03 ,0.000002,Ala,1634,16,84,25,This study,
60,yHMPu5000034883_Peterozyma_xylosa,Peterozyma xylosa,,CUG-Ala,Saccharomycetales incertae sedis,Peterozyma,NRRL Y-12939,Y-12939,2286,,,PPKF00000000,Y1000+,Type,No,234,5982,38.273,12923144,621758,38.11 ,0.000001,Ala,1640,10,85,24,"This study; Krassowski T, et al. Evolutionary Instability of CUG-Leu in the Genetic Code of Budding Yeasts. Nat. Commun. 9, 1887 (2018).",
61,Ambrosiozyma_kashinagacola,Ambrosiozyma kashinagacola,,Pichiaceae,Saccharomycetales incertae sedis,Ambrosiozyma,JCM 15019,Y-63631,10903,15019,,GCA_001599075.1,NBRP/RIKEN,Type,No,23,5611,See Supplementary Methods,12320962,1369417,36.28 ,Unknown,Leu,1631,11,70,47,This study,
62,Ambrosiozyma_monospora,Ambrosiozyma monospora,,Pichiaceae,Saccharomycetales incertae sedis,Ambrosiozyma,JCM 7599,Y-7403,6392,7599,,GCA_001599995.1,NBRP/RIKEN,Reference,Yes,118,7752,See Supplementary Methods,24978438,679229,37.77 ,Unknown,Leu,1591,29,89,50,This study,
63,Brettanomyces_anomalus,Brettanomyces anomalus,Dekkera anomala,Pichiaceae,Pichiaceae,Brettanomyces,YV396,,,,YV396,NCBI,Public,Reference,No,30,5423,Unknown,12880761,1112461,39.81 ,Unknown,Leu,1568,9,109,73,"Vervoort Y, et al. Characterization of the recombinant Brettanomyces anomalus β-glucosidase and its potential for bioflavouring. J Appl Microbiol. 2016 Jun 9; ",
64,Candida_arabinofermentans,Candida arabinofermentans,,Pichiaceae,Pichiaceae,Candida,NRRL YB-2248,YB-2248,8468,10727,,JGI,Public,Type,No,62,5674,Unknown,13234078,701640,34.74 ,Unknown,Leu,1627,9,73,50,"Riley R, et al. Comparative genomics of biotechnologically important yeasts. Proc Natl Acad Sci USA 113:9882-7 (2016).",
65,Candida_boidinii_JCM9604,Candida boidinii,,Pichiaceae,Pichiaceae,Candida,JCM 9604,Y-2332,2428,9604,,GCA_001599335.1,NBRP/RIKEN,Type,No,32,6029,See Supplementary Methods,19377211,3291297,30.77 ,Unknown,Leu,1645,13,54,47,This study,
66,Candida_sorboxylosa,Candida sorboxylosa,,Pichiaceae,Saccharomycetales incertae sedis,Candida,JCM 1536,Y-17669,6378,1536,,GCA_001599115.1,NBRP/RIKEN,Type,No,37,4456,See Supplementary Methods,10714862,1238071,39.76 ,Unknown,Leu,1446,1,116,196,This study,
67,Candida_succiphila,Candida succiphila,,Pichiaceae,Pichiaceae,Candida,JCM 9445,Y-11998,8003,9445,,GCA_001599255.1,NBRP/RIKEN,Type,No,22,5254,See Supplementary Methods,12149879,1360171,41.12 ,Unknown,Leu,1624,5,82,48,This study,
68,Dekkera_bruxellensis,Brettanomyces bruxellensis,Dekkera bruxellensis,Pichiaceae,Pichiaceae,Brettanomyces,CBS 2499,,2499,,,JGI,Public,Reference,Yes,84,5600,Unknown,13385232,1792735,39.94 ,Unknown,Leu,1516,27,121,95,"Piškur J, et al. The genome of wine yeast Dekkera bruxellensis provides a tool to explore its food-related properties. Int. J. Food Microbiol. 157, 202–209 (2012).",
69,Komagataella_pastoris,Komagataella pastoris,,Pichiaceae,Saccharomycetales incertae sedis,Komagataella,GS115,,,,GS115,NCBI,Public,Reference,Yes,4,4831,Unknown,9216378,2394163,41.13 ,Unknown,Leu,1687,9,36,27,"Love KR, et al. Comparative genomics and transcriptomics of Pichia pastoris. BMC Genomics 2016 Aug 5;17:550.",
70,Kuraishia_capsulata,Kuraishia capsulata,,Pichiaceae,Saccharomycetales incertae sedis,Kuraishia,CBS 1993,Y-1842,1993,1991,,Genolevures,Public,Type,Yes,7,5553,Unknown,11371246,1678882,45.65 ,Unknown,Leu,1633,10,89,27,"Morales L, et al. Complete DNA sequence of Kuraishia capsulata illustrates novel genomic features among budding yeasts (Saccharomycotina). Genome Biol Evol. 2013;5(12):2524–39. ",
71,Ogataea_methanolica,Ogataea methanolica,,Pichiaceae,Pichiaceae,Ogataea,JCM 10240,Y-7685,6515,10240,,GCA_001600755.1,NBRP/RIKEN,Reference,No,32,5855,See Supplementary Methods,15086366,1590249,36.98 ,Unknown,Leu,1620,16,80,43,This study,
72,Ogataea_parapolymorpha,Ogataea parapolymorpha,,Pichiaceae,Pichiaceae,Ogataea,DL-1,,,,DL-1,NCBI,Public,Reference,No,7,4518,Unknown,8874589,1293628,47.86 ,Unknown,Leu,1623,4,85,47,"Ravin NV, et al. Genbank Accession IDs: CM002300.1-CM002306.1 (2013).",
73,Ogataea_polymorpha,Ogataea polymorpha,,Pichiaceae,Pichiaceae,Ogataea,NCYC 495 leu1.1,Y-1798,1976,3620,NCYC 495 leu1.1,JGI,Public,Type,No,7,4289,Unknown,8974850,1302532,47.86 ,Unknown,Leu,1620,4,84,51,"Riley R, et al. Comparative genomics of biotechnologically important yeasts. Proc Natl Acad Sci USA 113:9882-7 (2016).",
74,Pichia_membranifaciens,Pichia membranifaciens,,Pichiaceae,Pichiaceae,Pichia,CBS 107,Y-2026,107,1442,,JGI,Public,Type,Yes,11,4969,Unknown,11584685,1676949,45.12 ,Unknown,Leu,1552,3,103,101,"Riley R, et al. Comparative genomics of biotechnologically important yeasts. Proc Natl Acad Sci USA 113:9882-7 (2016).",
75,yHMPu5000035675_Kregervanrija_fluxuum,Kregervanrija fluxuum,,Pichiaceae,Pichiaceae,Kregervanrija,NRRL YB-4273,YB-4273,2287,3646,,PPNM00000000,Y1000+,Type,Yes,2365,6539,110.683125,12511350,194901,31.78 ,0.000027,Leu,1607,8,77,67,This study,
76,yHMPu5000035674_Kregervanrija_delftensis,Kregervanrija delftensis,,Pichiaceae,Pichiaceae,Kregervanrija,NRRL Y-7119,Y-7119,2614,,,PPNL00000000,Y1000+,Type,No,2069,6042,71.27658333,12319421,216721,30.45 ,0.000022,Leu,1608,5,73,73,This study,
77,yHMPu5000035659_Saturnispora_dispora,Saturnispora dispora,,Pichiaceae,Pichiaceae,Saturnispora,NRRL Y-1447,Y-1447,794,1795,,PPND00000000,Y1000+,Type,Yes,645,4881,37.87995833,10041276,217078,36.64 ,0.000031,Leu,1486,5,105,163,"This study; Krassowski T, et al. Evolutionary Instability of CUG-Leu in the Genetic Code of Budding Yeasts. Nat. Commun. 9, 1887 (2018).",
78,yHMPu5000035301_Pichia_terricola,Pichia terricola,,Pichiaceae,Pichiaceae,Pichia,NRRL YB-4310,YB-4310,2617,1709,,PPMO00000000,Y1000+,Type,No,390,5195,47.74,12231905,195790,36.30 ,0.000024,Leu,739,2,65,953,This study,
79,yHMPu5000035041_Ambrosiozyma_pseudovanderkliftii,Ambrosiozyma pseudovanderkliftii,,Pichiaceae,Saccharomycetales incertae sedis,Ambrosiozyma,NRRL Y-63632,Y-63632,10904,15025,,PPLW00000000,Y1000+,Type,No,439,5927,169.861875,14405786,239702,35.57 ,0.000044,Leu,1638,10,59,52,This study,
80,yHMPu5000035040_Ambrosiozyma_maleeae,Ambrosiozyma maleeae,,Pichiaceae,Saccharomycetales incertae sedis,Ambrosiozyma,NRRL Y-63635,Y-63635,11900,,,PPLV00000000,Y1000+,Type,No,180,5316,113.1280833,12729045,668977,43.71 ,0.000003,Leu,1617,9,91,42,This study,
81,yHMPu5000034952_Citeromyces_siamensis,Citeromyces siamensis,,Pichiaceae,Saccharomycetales incertae sedis,Citeromyces,NRRL Y-27975,Y-27975,9153,11522,,PPLB00000000,Y1000+,Type,No,8808,12786,40.296,24822662,6666,44.00 ,0.000171,Leu,1163,390,142,64,This study,
82,yHMPu5000034950_Citeromyces_hawaiiensis,Citeromyces hawaiiensis,,Pichiaceae,Saccharomycetales incertae sedis,Citeromyces,NRRL Y-11581,Y-11581,12303,,,PPLA00000000,Y1000+,Type,No,3163,7349,43.87,19467171,22557,43.76 ,0.00154,Leu,1558,33,117,51,This study,
83,yHMPu5000034947_Ambrosiozyma_philentoma,Ambrosiozyma philentoma,,Pichiaceae,Saccharomycetales incertae sedis,Ambrosiozyma,NRRL Y-7523,Y-7523,6276,7600,,PPKZ00000000,Y1000+,Type,No,474,6975,137.4732917,17610060,547646,35.01 ,0.000011,Leu,1595,18,90,56,"This study; Krassowski T, et al. Evolutionary Instability of CUG-Leu in the Genetic Code of Budding Yeasts. Nat. Commun. 9, 1887 (2018).",
84,yHMPu5000034946_Ambrosiozyma_oregonensis,Ambrosiozyma oregonensis,,Pichiaceae,Saccharomycetales incertae sedis,Ambrosiozyma,NRRL Y-6106,Y-6106,5560,1797,,PPKY00000000,Y1000+,Type,No,1058,6680,241.446625,15162493,334567,30.92 ,0.000021,Leu,1613,17,71,58,This study,
85,yHMPu5000034939_Komagataella_pseudopastoris,Komagataella pseudopastoris,,Pichiaceae,Saccharomycetales incertae sedis,Komagataella,NRRL Y-27603,Y-27603,9187,,,PPKX00000000,Y1000+,Type,No,398,4604,52.454,9144759,555879,41.62 ,0.000006,Leu,1675,9,50,25,This study,
86,yHMPu5000034933_Kuraishia_molischiana,Kuraishia molischiana,,Pichiaceae,Saccharomycetales incertae sedis,Kuraishia,NRRL Y-27899,Y-27899,9993,,,PPKW00000000,Y1000+,Type,No,305,5537,45.692875,10348113,419317,50.70 ,0.000006,Leu,1656,9,66,28,This study,
87,yHMPu5000034932_Kuraishia_ogatae,Kuraishia ogatae,,Pichiaceae,Saccharomycetales incertae sedis,Kuraishia,NRRL Y-48474,Y-48474,10924,,,PPKV00000000,Y1000+,Type,No,135,5573,38.57979167,14724767,434127,45.16 ,0.000006,Leu,1648,14,83,14,This study,
88,yHMPu5000034904_Ogataea_nonfermentans,Ogataea nonfermentans,,Pichiaceae,Pichiaceae,Ogataea,NRRL YB-2203,YB-2203,5764,3615,,PPKT00000000,Y1000+,Type,No,57,5798,44.154875,10817711,1346603,43.96 ,0,Leu,1616,11,87,45,This study,
89,yHMPu5000034903_Ogataea_naganishii,Ogataea naganishii,,Pichiaceae,Pichiaceae,Ogataea,NRRL Y-7654,Y-7654,6429,22078,,PPKS00000000,Y1000+,Type,No,256,5340,152.8657917,11983479,679996,44.87 ,0.000007,Leu,1639,10,68,42,This study,
90,yHMPu5000034902_Ogataea_minuta,Ogataea minuta,,Pichiaceae,Pichiaceae,Ogataea,NRRL Y-411,Y-411,1708,3622,,PPKR00000000,Y1000+,Type,Yes,180,4457,74.227875,9073487,1228431,45.87 ,0.000016,Leu,1623,8,81,47,This study,
91,yHMPu5000034901_Ogataea_methylivora,Ogataea methylivora,,Pichiaceae,Pichiaceae,Ogataea,NRRL Y-17250,Y-17250,7300,22142,,PPKQ00000000,Y1000+,Type,No,181,6089,24.85541667,12827489,227353,33.66 ,0,Leu,1651,10,64,34,This study,
92,yHMPu5000034899_Ogataea_kodamae,Ogataea kodamae,,Pichiaceae,Pichiaceae,Ogataea,NRRL Y-17234,Y-17234,7081,11404,,PPKP00000000,Y1000+,Type,No,408,4551,24.18004167,8662243,545341,44.61 ,0.000001,Leu,1592,3,97,67,This study,
93,yHMPu5000034897_Ogataea_glucozyma,Ogataea glucozyma,,Pichiaceae,Pichiaceae,Ogataea,NRRL YB-2185,YB-2185,5766,3607,,PPKO00000000,Y1000+,Type,No,533,5858,36.1465,13782209,292959,47.98 ,0.000003,Leu,1643,16,68,32,This study,
94,yHMPu5000034893_Ogataea_philodendra,Ogataea philodendri,,Pichiaceae,Pichiaceae,Ogataea,NRRL Y-7210,Y-7210,6075,22070,,PPKN00000000,Y1000+,Type,No,197,4715,75.51016667,8853085,450359,47.85 ,0.000008,Leu,1625,8,85,41,This study,
95,yHMPu5000034892_Ogataea_pilisensis,Ogataea pilisensis,,Pichiaceae,Pichiaceae,Ogataea,NRRL Y-27598,Y-27598,9259,,,PPKM00000000,Y1000+,Type,No,1431,5782,39.742125,14231181,170189,36.46 ,0.000008,Leu,1634,12,65,48,This study,
96,yHMPu5000034891_Ogataea_pini,Ogataea pini,,Pichiaceae,Pichiaceae,Ogataea,NRRL Y-11528,Y-11528,744,3655,,PPKL00000000,Y1000+,Type,No,118,5407,97.232125,11559396,558977,42.70 ,0.000008,Leu,1644,11,66,38,This study,
97,yHMPu5000034890_Ogataea_ramenticola,Ogataea ramenticola,,Pichiaceae,Pichiaceae,Ogataea,NRRL YB-1985,YB-1985,8699,,,PPKK00000000,Y1000+,Type,No,802,5890,312.3919583,12874473,468069,32.20 ,0.000031,Leu,1648,8,63,40,This study,
98,yHMPu5000034887_Ogataea_trehaloabstinens,Ogataea trehaloabstinens,,Pichiaceae,Pichiaceae,Ogataea,NRRL Y-27595,Y-27595,9256,,,PPKJ00000000,Y1000+,Type,No,527,5641,31.02616667,11272638,890716,41.37 ,0.000007,Leu,1621,10,80,48,This study,
99,yHMPu5000034886_Ogataea_trehalophila,Ogataea trehalophila,,Pichiaceae,Pichiaceae,Ogataea,NRRL Y-6781,Y-6781,5361,3651,,PPKI00000000,Y1000+,Type,No,522,5807,38.195375,14114665,195135,34.90 ,0.000005,Leu,1617,9,78,55,This study,
100,yHMPu5000034885_Ogataea_zsoltii,Ogataea zsoltii,,Pichiaceae,Pichiaceae,Ogataea,NRRL Y-27601,Y-27601,9262,,,PPKH00000000,Y1000+,Type,No,409,5466,66.49425,11681642,268365,47.70 ,0.00001,Leu,1663,11,57,28,This study,
101,yHMPu5000034637_Ogataea_populiabae,Ogataea populialbae,,Pichiaceae,Pichiaceae,Ogataea,NRRL Y-48632,Y-48632,11363,,,PPIX00000000,Y1000+,Type,No,366,5489,27.07541667,11757698,745218,42.23 ,0.000012,Leu,1623,9,82,45,This study,
102,yHMPu5000034636_Ogataea_nitratoaversa,Ogataea nitratoaversa,,Pichiaceae,Pichiaceae,Ogataea,NRRL Y-48449,Y-48449,10796,,,PPIW00000000,Y1000+,Type,No,910,5880,40.47991667,14178250,184342,34.72 ,0.000002,Leu,1638,10,69,42,This study,
103,yHMPu5000034631_Martiniozyma_abiesophila,Martiniozyma abiesophila,,Pichiaceae,Pichiaceae,Martiniozyma,NRRL Y-11514,Y-11514,5366,,,PPIT00000000,Y1000+,Type,Yes,11816,12589,25.88,14467199,16452,28.62 ,Unknown,Leu,1110,21,377,251,This study,
104,yHMPu5000034629_Pichia_exigua,Pichia exigua,,Pichiaceae,Pichiaceae,Pichia,NRRL Y-10920,Y-10920,6836,1829,,PPIS00000000,Y1000+,Type,No,1055,5064,40.70754167,11039527,199888,31.03 ,0.000009,Leu,1518,6,94,141,This study,
105,yHMPu5000034627_Pichia_heedii,Pichia heedii,,Pichiaceae,Pichiaceae,Pichia,NRRL Y-10967,Y-10967,6930,1833,,PPIR00000000,Y1000+,Type,No,1086,5208,25.81808333,10652863,112988,30.17 ,0.000018,Leu,1507,6,100,146,This study,
106,yHMPu5000034625_Pichia_kudriavzevii,Pichia kudriavzevii,,Pichiaceae,Pichiaceae,Pichia,NRRL Y-5396,Y-5396,5147,1710,,PPIQ00000000,Y1000+,Type,No,1082,5217,71.92320833,11519810,165951,38.26 ,0.001856,Leu,1498,27,105,129,This study,
107,yHMPu5000034624_Pichia_nakasei,Pichia nakasei,,Pichiaceae,Pichiaceae,Pichia,NRRL Y-7686,Y-7686,5141,1699,,PPIP00000000,Y1000+,Type,No,347,4358,147.6862083,10374776,350369,33.27 ,0.000116,Leu,1479,5,111,164,This study,
108,yHMPu5000034623_Pichia_norvegensis,Pichia norvegensis,,Pichiaceae,Pichiaceae,Pichia,NRRL Y-7687,Y-7687,6564,,,PPIO00000000,Y1000+,Type,No,856,5054,106.7055417,10154755,138389,35.90 ,0.003352,Leu,1482,27,112,138,This study,
109,yHMPu5000034622_Pichia_occidentalis,Pichia occidentalis,,Pichiaceae,Pichiaceae,Pichia,NRRL Y-7552,Y-7552,5459,1711,,PPIN00000000,Y1000+,Type,No,880,5456,41.92945833,11933971,167276,40.11 ,0.000065,Leu,1551,10,97,101,This study,
110,yHMPu5000034615_Saturnispora_zaruensis,Saturnispora zaruensis,,Pichiaceae,Pichiaceae,Saturnispora,NRRL Y-7008,Y-7008,5799,1515,,PPIM00000000,Y1000+,Type,No,391,5023,119.4159583,9812301,1115028,37.82 ,0.000011,Leu,1491,2,114,152,This study,
111,yHMPu5000034614_Saturnispora_silvae,Saturnispora silvae,,Pichiaceae,Pichiaceae,Saturnispora,NRRL Y-6725,Y-6725,5498,6352,,PPIL00000000,Y1000+,Type,No,300,4587,24.40429167,9258257,337546,42.25 ,0.000002,Leu,1457,5,105,192,This study,
112,yHMPu5000034613_Saturnispora_serradocipensis,Saturnispora serradocipensis,,Pichiaceae,Pichiaceae,Saturnispora,NRRL Y-48717,Y-48717,11756,,,PPIK00000000,Y1000+,Type,No,645,5005,23.93420833,10212926,187244,37.12 ,0.000007,Leu,1471,6,112,170,This study,
113,yHMPu5000034612_Saturnispora_saitoi,Saturnispora saitoi,,Pichiaceae,Pichiaceae,Saturnispora,NRRL Y-6671,Y-6671,4910,1793,,PPIJ00000000,Y1000+,Type,No,312,4910,39.95675,9822062,531724,31.50 ,0.000006,Leu,1486,3,107,163,This study,
114,yHMPu5000034611_Saturnispora_mendoncae,Saturnispora mendoncae,,Pichiaceae,Pichiaceae,Saturnispora,NRRL Y-11515,Y-11515,5620,,,PPII00000000,Y1000+,Type,No,669,4657,75.854125,9008340,282536,32.78 ,0.000576,Leu,1418,6,138,197,This study,
115,yHMPu5000034610_Saturnispora_hagleri,Saturnispora hagleri,,Pichiaceae,Pichiaceae,Saturnispora,NRRL Y-27828,Y-27828,,,,PPIH00000000,Y1000+,Type,No,336,5018,93.646875,10223651,292512,37.35 ,0.000017,Leu,1484,6,103,166,This study,
116,yHMPu5000026274_Komagataella_populi,Komagataella populi,,Pichiaceae,Saccharomycetales incertae sedis,Komagataella,NRRL YB-455,YB-455,12362,,,PPIA00000000,Y1000+,Type,No,171,4885,35.63904167,9191048,1151431,41.53 ,0.00001,Leu,1674,9,52,24,This study,
117,yHMPu5000026197_Brettanomyces_custersianus,Brettanomyces custersianus,,Pichiaceae,Pichiaceae,Brettanomyces,NRRL Y-6653,Y-6653,4805,,,PPHY00000000,Y1000+,Type,No,219,5062,42.726375,10422777,336067,40.21 ,0.000001,Leu,1568,9,111,71,This study,
118,yHMPu5000026145_Ambrosiozyma_vanderkliftii,Ambrosiozyma vanderkliftii,,Pichiaceae,Saccharomycetales incertae sedis,Ambrosiozyma,NRRL Y-63633,Y-63633,10905,15029,,PPHW00000000,Y1000+,Type,No,4911,5988,160.4765833,14502744,115710,35.38 ,0.000026,Leu,1646,8,55,50,This study,
119,yHMPu5000026142_Citeromyces_matritensis,Citeromyces matritensis,,Pichiaceae,Saccharomycetales incertae sedis,Citeromyces,NRRL Y-2407,Y-2407,2764,2333,,PPHV00000000,Y1000+,Type,Yes,3451,7868,60.06525,20102375,28374,43.34 ,0.000063,Leu,1525,98,94,42,"This study; Krassowski T, et al. Evolutionary Instability of CUG-Leu in the Genetic Code of Budding Yeasts. Nat. Commun. 9, 1887 (2018).",
120,yHMPu5000026137_Ambrosiozyma_ambrosiae,Ambrosiozyma ambrosiae,,Pichiaceae,Saccharomycetales incertae sedis,Ambrosiozyma,NRRL Y-7524,Y-7524,6003,,,PPHU00000000,Y1000+,Type,No,183,6191,57.60733333,14846774,366569,32.47 ,0.000008,Leu,1588,17,86,68,This study,
121,yHMPu5000026124_Ogataea_henricii,Ogataea henricii,,Pichiaceae,Pichiaceae,Ogataea,NRRL YB-2194,YB-2194,5765,3611,,PPHT00000000,Y1000+,Type,No,497,5567,89.918625,12537109,287072,49.30 ,0.000014,Leu,1649,13,62,35,This study,
122,Babjeviella_inositovora,Babjeviella inositovora,,CUG-Ser1,Debaryomycetaceae,Babjeviella,NRRL Y-12698,Y-12698,8006,10736,,JGI,Public,Type,Yes,49,5752,Unknown,15221050,933105,48.13 ,Unknown,Ser,1677,10,53,19,"Riley R, et al. Comparative genomics of biotechnologically important yeasts. Proc Natl Acad Sci USA 113:9882-7 (2016).",
123,Candida_albicans,Candida albicans,,CUG-Ser1,Debaryomycetaceae,Candida,SC5314,,,,SC5314,Genolevures,Public,Reference,No,9,6226,Unknown,14323546,2231927,33.45 ,Unknown,Ser,1703,8,28,20,"Jones T, et al. The diploid genome sequence of Candida albicans. Proc Natl Acad Sci USA 2004,101:7329-7334.",
124,Candida_auris,Candida auris,,CUG-Ser1,Metschnikowiaceae,Candida,Ci 6684,,,,Ci 6684,NCBI,Public,Reference,No,99,5207,Unknown,12498763,267017,45.13 ,Unknown,Ser,1660,6,69,24,"Chatterjee S, et al. Draft genome of a commonly misdiagnosed multidrug resistant pathogen Candida auris. BMC Genomics 16, 686 (2015).",
125,Candida_carpophila,Candida carpophila,,CUG-Ser1,Debaryomycetaceae,Candida,JCM 9396,Y-17857,7921,9396,,GCA_001599235.1,NBRP/RIKEN,Reference,No,10,4920,See Supplementary Methods,10242926,1643132,47.44 ,Unknown,Ser,1714,5,34,6,This study,
126,Candida_dubliniensis,Candida dubliniensis,,CUG-Ser1,Debaryomycetaceae,Candida,CD36,,,,CD36,NCBI,Public,Reference,No,8,5949,Unknown,14618422,2267510,33.25 ,Unknown,Ser,1724,8,19,8,"Jackson AP, et al. Comparative genomics of the fungal pathogens Candida dubliniensis and Candida albicans. Genome Res. 19, 2231–2244 (2009).",
127,Candida_homilentoma,Hyphopichia homilentoma,Candida homilentoma,CUG-Ser1,Debaryomycetaceae,Hyphopichia,JCM 1507,Y-10941,6312,1507,,GCA_001599095.1,NBRP/RIKEN,Type,No,8,5435,See Supplementary Methods,12176763,1810771,49.52 ,Unknown,Ser,1702,4,48,5,This study,
128,Candida_intermedia,Candida intermedia,,CUG-Ser1,Metschnikowiaceae,Candida,JCM 1607,Y-981,572,1607,,GCA_001599135.1,NBRP/RIKEN,Type,No,12,5533,See Supplementary Methods,13027022,2029102,43.48 ,Unknown,Ser,1695,8,42,14,This study,
129,Candida_orthopsilosis,Candida orthopsilosis,,CUG-Ser1,Debaryomycetaceae,Candida,90–125,,,,90–125,NCBI,Public,Reference,No,8,5212,Unknown,12659401,1644167,37.46 ,Unknown,Ser,1701,5,31,22,"Riccombeni A, et al. Sequence and analysis of the genome of the pathogenic yeast Candida orthopsilosis. PLoS ONE 7, e35750 (2012).",
130,Candida_parapsilosis,Candida parapsilosis,,CUG-Ser1,Debaryomycetaceae,Candida,CDC 317,,,,CDC 317,Genolevures,Public,Reference,No,8,5280,Unknown,12998393,2091826,38.72 ,Unknown,Ser,1707,11,26,15,"Butler G, et al. Evolution of pathogenicity and sexual reproduction in eight Candida genomes. Nature 459, 657–662 (2009).",
131,Candida_sojae,Candida sojae,,CUG-Ser1,Debaryomycetaceae,Candida,GF41,,,,GF41,NCBI,Public,Reference,No,511,5083,Unknown,11747307,56392,32.37 ,Unknown,Ser,1363,46,30,320,"Borelli G, et al. De Novo Assembly of Candida sojae and Candida boidinii Genomes, Unexplored Xylose-Consuming Yeasts with Potential for Renewable Biochemical Production. Genome Announc. 2016;4(1). ",
132,Candida_tanzawaensis,Suhomyces tanzawaensis,,CUG-Ser1,Debaryomycetaceae,Suhomyces,NRRL Y-17324,Y-17324,7422,1648,,JGI,Public,Type,Yes,16,5321,Unknown,13136204,1512535,45.34 ,Unknown,Ser,1719,5,31,4,"Riley R, et al. Comparative genomics of biotechnologically important yeasts. Proc Natl Acad Sci USA 113:9882-7 (2016).",
133,Candida_tenuis,Yamadazyma tenuis,Candida tenuis,CUG-Ser1,Debaryomycetaceae,Yamadazyma,NRRL Y-1498,Y-1498,615,9827,,JGI,Public,Type,No,25,4945,Unknown,10747050,1222892,42.92 ,Unknown,Ser,1681,8,58,12,"Wohlbach DJ, et al. Comparative genomics of xylose-fermenting fungi for enhanced biofuel production. Proc. Natl. Acad. Sci. U.S.A. 108, 13212–13217 (2011).",
134,Candida_tropicalis,Candida tropicalis,,CUG-Ser1,Debaryomycetaceae,Candida,MYA-3404,,,,MYA-3404,NCBI,Public,Reference,Yes,24,5975,Unknown,14630139,1654078,33.15 ,Unknown,Ser,1678,23,35,23,"Butler G, et al. Evolution of pathogenicity and sexual reproduction in eight Candida genomes. Nature 459, 657–662 (2009).",
135,Clavispora_lusitaniae,Clavispora lusitaniae,,CUG-Ser1,Metschnikowiaceae,Clavispora,ATCC 42720,,,,ATCC 42720,NCBI,Public,Reference,Yes,9,5149,Unknown,12114892,1874050,44.50 ,Unknown,Ser,1664,10,66,19,"Butler G, et al. Evolution of pathogenicity and sexual reproduction in eight Candida genomes. Nature 459, 657–662 (2009).",
136,Debaryomyces_hansenii,Debaryomyces hansenii,,CUG-Ser1,Debaryomycetaceae,Debaryomyces,CBS 767,Y-7426,767,1990,,Genolevures,Public,Type,Yes,7,5806,Unknown,12152486,2007515,36.35 ,Unknown,Ser,1734,8,12,5,"Dujon B, et al. Genome evolution in yeasts. Nature. 2004 Jul 1;430(6995):35–44.",
137,Hyphopichia_burtonii,Hyphopichia burtonii,,CUG-Ser1,Debaryomycetaceae,Hyphopichia,NRRL Y-1933,Y-1933,2352,3708,,JGI,Public,Type,Yes,27,5189,Unknown,12403110,1853527,34.99 ,Unknown,Ser,1696,11,38,14,"Riley R, et al. Comparative genomics of biotechnologically important yeasts. Proc Natl Acad Sci USA 113:9882-7 (2016).",
138,Lodderomyces_elongisporus,Lodderomyces elongisporus,,CUG-Ser1,Debaryomycetaceae,Lodderomyces,CBS 2605,YB-4239,2605,1781,,NCBI,Public,Type,Yes,28,5924,Unknown,15547272,2011058,36.94 ,Unknown,Ser,1682,9,36,32,"Butler G, et al. Evolution of pathogenicity and sexual reproduction in eight Candida genomes. Nature 459, 657–662 (2009).",
139,Metschnikowia_aberdeeniae,Metschnikowia aberdeeniae,,CUG-Ser1,Metschnikowiaceae,Metschnikowia,SUB 05-213.1,Y-27921,10289,,SUB 05-213.1,NCBI,Public,Type,No,191,4807,Unknown,10656682,895266,48.53 ,Unknown,Ser,1674,3,62,20,"Lachance MA, et al. A stable phylogeny of the large-spored Metschnikowia clade. Yeast. 2016 Jul;33(7):261-75. doi: 10.1002/yea.3163. Epub 2016 May 10.",
140,Metschnikowia_arizonensis,Metschnikowia arizonensis,,CUG-Ser1,Metschnikowiaceae,Metschnikowia,UWOPS 99-103.4,,,,UWOPS 99-103.4,NCBI,Public,Allotype,No,1012,5892,Unknown,16205179,82625,41.67 ,Unknown,Ser,1657,6,73,23,"Lachance MA, et al. A stable phylogeny of the large-spored Metschnikowia clade. Yeast. 2016 Jul;33(7):261-75. doi: 10.1002/yea.3163. Epub 2016 May 10.",
141,Metschnikowia_bicuspidata,Metschnikowia bicuspidata var. bicuspidata,Metschinikowia bicuspidata,CUG-Ser1,Metschnikowiaceae,Metschnikowia,NRRL YB-4993,YB-4993,,,,JGI,Public,Type,Yes,48,5241,Unknown,16055203,2544904,47.85 ,Unknown,Ser,1648,9,78,24,"Riley R, et al. Comparative genomics of biotechnologically important yeasts. Proc Natl Acad Sci USA 113:9882-7 (2016).",
142,Metschnikowia_borealis,Metschnikowia borealis,,CUG-Ser1,Metschnikowiaceae,Metschnikowia,SUB 99-207.1,,,,SUB 99-207.1,NCBI,Public,Reference,No,839,6574,Unknown,20333103,59745,43.08 ,Unknown,Ser,1631,6,90,32,"Lachance MA, et al. A stable phylogeny of the large-spored Metschnikowia clade. Yeast. 2016 Jul;33(7):261-75. doi: 10.1002/yea.3163. Epub 2016 May 10.",
143,Metschnikowia_bowlesiae,Metschnikowia bowlesiae,,CUG-Ser1,Metschnikowiaceae,Metschnikowia,UWOPS 12-619.1,Y-63670,12939,,UWOPS 12-619.1,NCBI,Public,Allotype,No,2171,5826,Unknown,17200370,126950,48.58 ,Unknown,Ser,1650,6,82,21,"Lachance MA, et al. A stable phylogeny of the large-spored Metschnikowia clade. Yeast. 2016 Jul;33(7):261-75. doi: 10.1002/yea.3163. Epub 2016 May 10.",
144,Metschnikowia_cerradonensis,Metschnikowia cerradonensis,,CUG-Ser1,Metschnikowiaceae,Metschnikowia,UFMG 03-T67.1,,,,UFMG 03-T67.1,NCBI,Public,Type,No,2263,6801,Unknown,20697184,67917,42.89 ,Unknown,Ser,1666,6,67,20,"Lachance MA, et al. A stable phylogeny of the large-spored Metschnikowia clade. Yeast. 2016 Jul;33(7):261-75. doi: 10.1002/yea.3163. Epub 2016 May 10.",
145,Metschnikowia_continentalis,Metschnikowia continentalis,,CUG-Ser1,Metschnikowiaceae,Metschnikowia,UWOPS 95-402.1,,,,UWOPS 95-402.1,NCBI,Public,Reference,No,802,6668,Unknown,21835504,68808,42.33 ,Unknown,Ser,1669,7,64,19,"Lachance MA, et al. A stable phylogeny of the large-spored Metschnikowia clade. Yeast. 2016 Jul;33(7):261-75. doi: 10.1002/yea.3163. Epub 2016 May 10.",
146,Metschnikowia_dekortum,Metschnikowia dekortorum,,CUG-Ser1,Metschnikowiaceae,Metschnikowia,UWOPS 01-142b3,,,,UWOPS 01-142b3,NCBI,Public,Type,No,159,5408,Unknown,16312347,533934,48.73 ,Unknown,Ser,1660,7,72,20,"Lachance MA, et al. A stable phylogeny of the large-spored Metschnikowia clade. Yeast. 2016 Jul;33(7):261-75. doi: 10.1002/yea.3163. Epub 2016 May 10.",
147,Metschnikowia_drakensbergensis,Metschnikowia drakensbergensis,,CUG-Ser1,Metschnikowiaceae,Metschnikowia,EBD-CdVSA10-2A,,,,EBD-CdVSA10-2A,NCBI,Public,Allotype,No,564,5078,Unknown,11870191,439824,48.20 ,Unknown,Ser,1674,3,62,20,"Lachance MA, et al. A stable phylogeny of the large-spored Metschnikowia clade. Yeast. 2016 Jul;33(7):261-75. doi: 10.1002/yea.3163. Epub 2016 May 10.",
148,Metschnikowia_hamakuensis,Metschnikowia hamakuensis,,CUG-Ser1,Metschnikowiaceae,Metschnikowia,UWOPS 04-199.1,,,,UWOPS 04-199.1,NCBI,Public,Reference,No,2097,6342,Unknown,18740519,73869,43.90 ,Unknown,Ser,1655,5,78,21,"Lachance MA, et al. A stable phylogeny of the large-spored Metschnikowia clade. Yeast. 2016 Jul;33(7):261-75. doi: 10.1002/yea.3163. Epub 2016 May 10.",
149,Metschnikowia_hawaiiensis,Metschnikowia hawaiiensis,,CUG-Ser1,Metschnikowiaceae,Metschnikowia,UWOPS 87-2203.2,,,,UWOPS 87-2203.2,NCBI,Public,Allotype,No,1714,6220,Unknown,18362991,100011,44.50 ,Unknown,Ser,1658,7,71,23,"Lachance MA, et al. A stable phylogeny of the large-spored Metschnikowia clade. Yeast. 2016 Jul;33(7):261-75. doi: 10.1002/yea.3163. Epub 2016 May 10.",
150,Metschnikowia_hibisci,Metschnikowia hibisci,,CUG-Ser1,Metschnikowiaceae,Metschnikowia,UWOPS 95-797.2,,,,UWOPS 95-797.2,NCBI,Public,Type,No,86,5119,Unknown,11317242,934225,42.18 ,Unknown,Ser,1664,4,69,22,"Lachance MA, et al. A stable phylogeny of the large-spored Metschnikowia clade. Yeast. 2016 Jul;33(7):261-75. doi: 10.1002/yea.3163. Epub 2016 May 10.",
151,Metschnikowia_ipomoeae,Metschnikowia ipomoeae,,CUG-Ser1,Metschnikowiaceae,Metschnikowia,UWOPS 99-324.1,,,,UWOPS 99-324.1,NCBI,Public,Reference,No,549,6107,Unknown,18900759,93808,43.58 ,Unknown,Ser,1662,5,74,18,"Lachance MA, et al. A stable phylogeny of the large-spored Metschnikowia clade. Yeast. 2016 Jul;33(7):261-75. doi: 10.1002/yea.3163. Epub 2016 May 10.",
152,Metschnikowia_kamakouana,Metschnikowia kamakouana,,CUG-Ser1,Metschnikowiaceae,Metschnikowia,UWOPS 04-112.5,,,,UWOPS 04-112.5,NCBI,Public,Type,No,235,5586,Unknown,15649791,431929,44.83 ,Unknown,Ser,1676,4,62,17,"Lachance MA, et al. A stable phylogeny of the large-spored Metschnikowia clade. Yeast. 2016 Jul;33(7):261-75. doi: 10.1002/yea.3163. Epub 2016 May 10.",
153,Metschnikowia_kipukae,Metschnikowia kipukae,,CUG-Ser1,Metschnikowiaceae,Metschnikowia,UWOPS 00-669.2,,9147,,UWOPS 00-669.2,NCBI,Public,Type,No,158,5084,Unknown,11235020,857426,45.13 ,Unknown,Ser,1660,5,78,16,"Lachance MA, et al. A stable phylogeny of the large-spored Metschnikowia clade. Yeast. 2016 Jul;33(7):261-75. doi: 10.1002/yea.3163. Epub 2016 May 10.",
154,Metschnikowia_lockheadii,Metschnikowia lochheadii,,CUG-Ser1,Metschnikowiaceae,Metschnikowia,UWOPS 99-661.1,,,,UWOPS 99-661.1,NCBI,Public,Allotype,No,2140,6718,Unknown,19755431,76145,42.16 ,Unknown,Ser,1663,5,70,21,"Lachance MA, et al. A stable phylogeny of the large-spored Metschnikowia clade. Yeast. 2016 Jul;33(7):261-75. doi: 10.1002/yea.3163. Epub 2016 May 10.",
155,Metschnikowia_matae,Metschnikowia matae var. matae,,CUG-Ser1,Metschnikowiaceae,Metschnikowia,UFMG-CM-Y391,Y-63735,13987,,UFMG-CM-Y391,NCBI,Public,Allotype,No,2664,7279,Unknown,21331602,79549,40.90 ,Unknown,Ser,1660,5,72,22,"Lachance MA, et al. A stable phylogeny of the large-spored Metschnikowia clade. Yeast. 2016 Jul;33(7):261-75. doi: 10.1002/yea.3163. Epub 2016 May 10.",
156,Metschnikowia_matae_maris,Metschnikowia matae var. maris,,CUG-Ser1,Metschnikowiaceae,Metschnikowia,UFMG-CM-Y397,Y-63737,13985,,UFMG-CM-Y397,NCBI,Public,Type,No,2377,7336,Unknown,21177031,136917,41.17 ,Unknown,Ser,1664,6,72,17,"Lachance MA, et al. A stable phylogeny of the large-spored Metschnikowia clade. Yeast. 2016 Jul;33(7):261-75. doi: 10.1002/yea.3163. Epub 2016 May 10.",
157,Metschnikowia_mauinuiana,Metschnikowia mauinuiana,,CUG-Ser1,Metschnikowiaceae,Metschnikowia,UWOPS 04-190.1,,,,UWOPS 04-190.1,NCBI,Public,Type,No,270,6060,Unknown,17273017,210934,43.89 ,Unknown,Ser,1658,5,76,20,"Lachance MA, et al. A stable phylogeny of the large-spored Metschnikowia clade. Yeast. 2016 Jul;33(7):261-75. doi: 10.1002/yea.3163. Epub 2016 May 10.",
158,Metschnikowia_proteae,Metschnikowia proteae,,CUG-Ser1,Metschnikowiaceae,Metschnikowia,EBD-T1Y1,,,,EBD-T1Y1,NCBI,Public,Type,No,731,5184,Unknown,12406250,414643,48.51 ,Unknown,Ser,1677,4,60,18,"Lachance MA, et al. A stable phylogeny of the large-spored Metschnikowia clade. Yeast. 2016 Jul;33(7):261-75. doi: 10.1002/yea.3163. Epub 2016 May 10.",
159,Metschnikowia_santaceciliae,Metschnikowia santaceciliae,,CUG-Ser1,Metschnikowiaceae,Metschnikowia,UWOPS 01-517a1,,,,UWOPS 01-517a1,NCBI,Public,Type,No,704,6489,Unknown,20387451,75181,43.34 ,Unknown,Ser,1657,7,72,23,"Lachance MA, et al. A stable phylogeny of the large-spored Metschnikowia clade. Yeast. 2016 Jul;33(7):261-75. doi: 10.1002/yea.3163. Epub 2016 May 10.",
160,Metschnikowia_shivogae,Metschnikowia shivogae,,CUG-Ser1,Metschnikowiaceae,Metschnikowia,UWOPS 04-310.1,,,,UWOPS 04-310.1,NCBI,Public,Type,No,93,4902,Unknown,10722219,536006,49.93 ,Unknown,Ser,1674,5,60,20,"Lachance MA, et al. A stable phylogeny of the large-spored Metschnikowia clade. Yeast. 2016 Jul;33(7):261-75. doi: 10.1002/yea.3163. Epub 2016 May 10.",
161,Metschnikowia_similis,Metschnikowia similis,,CUG-Ser1,Metschnikowiaceae,Metschnikowia,UWOPS 03-133.4,,,,UWOPS 03-133.4,NCBI,Public,Allotype,No,1440,5654,Unknown,17261052,110123,48.72 ,Unknown,Ser,1645,7,83,24,"Lachance MA, et al. A stable phylogeny of the large-spored Metschnikowia clade. Yeast. 2016 Jul;33(7):261-75. doi: 10.1002/yea.3163. Epub 2016 May 10.",
162,Meyerozyma_guilliermondii,Meyerozyma guilliermondii,,CUG-Ser1,Debaryomycetaceae,Meyerozyma,ATCC 6260,Y-324,566,1539,ATCC 6260,NCBI,Public,Anamorph,Yes,9,5010,Unknown,10609954,1701016,43.76 ,Unknown,Ser,1698,4,44,13,"Butler G, et al. Evolution of pathogenicity and sexual reproduction in eight Candida genomes. Nature 459, 657–662 (2009).",
163,Millerozyma_acaciae,Millerozyma acaciae,,CUG-Ser1,Debaryomycetaceae,Millerozyma,JCM 10732,Y-7117,5656,10732,,GCA_001600675.1,NBRP/RIKEN,Reference,No,10,4893,See Supplementary Methods,11065882,1450032,41.43 ,Unknown,Ser,1709,5,38,7,This study,
164,Priceomyces_haplophilus,Priceomyces haplophilus,,CUG-Ser1,Debaryomycetaceae,Priceomyces,JCM 1635,Y-7860,2028,1635,,GCA_001599895.1,NBRP/RIKEN,Type,Yes,9,4983,See Supplementary Methods,10517128,1142060,41.14 ,Unknown,Ser,1694,2,50,13,This study,
165,Scheffersomyces_lignosus,Scheffersomyces lignosus,,CUG-Ser1,Debaryomycetaceae,Scheffersomyces,JCM 9837,Y-12856,4705,9837,,GCA_001599395.1,NBRP/RIKEN,Type,No,19,6075,See Supplementary Methods,16592489,1946329,41.53 ,Unknown,Ser,1715,10,26,8,This study,
166,Scheffersomyces_stipitis,Scheffersomyces stipitis,,CUG-Ser1,Debaryomycetaceae,Scheffersomyces,CBS 6054,Y-11545,6054,,,JGI,Public,Reference,Yes,9,5995,Unknown,15441079,1803401,41.14 ,Unknown,Ser,1733,6,16,4,"Jeffries TW, et al. Genome sequence of the lignocellulose-bioconverting and xylose-fermenting yeast Pichia stipitis. Nat. Biotechnol. 25, 319–326 (2007).",
167,Spathaspora_arborariae,Spathaspora arborariae,,CUG-Ser1,Debaryomycetaceae,Spathaspora,UFMG-HM19.1A,Y-48658,11463,,UFMG-HM19.1A,NCBI,Public,Type,No,41,5749,Unknown,12870582,679206,31.73 ,Unknown,Ser,1713,5,31,10,"Lobo FP, et al. Draft Genome Sequence of the D-Xylose-Fermenting Yeast Spathaspora arborariae UFMG-HM19.1AT. Genome Announc. 2014;2(1). ",
168,Spathaspora_girioi,Spathaspora girioi,,CUG-Ser1,Debaryomycetaceae,Spathaspora,UFMG-CM-Y302,,13476,,UFMG-CM-Y302,NCBI,Public,Type,No,2380,6733,Unknown,14406387,76648,35.33 ,Unknown,Ser,1701,10,36,12,"Lopes MR, et al. Genomic analysis and D-xylose fermentation of three novel Spathaspora species: Spathaspora girioi sp. Nov., Spathaspora hagerdaliae f. a., sp. nov., and Spathaspora gorwiae f. a., sp. Nov. FEMS Yeast Res. 2016 Jun;16(4)",
169,Spathaspora_gorwiae,Spathaspora gorwiae,,CUG-Ser1,Debaryomycetaceae,Spathaspora,UFMG-CM-Y312,,13472,,UFMG-CM-Y312,NCBI,Public,Type,No,2530,6678,Unknown,14788824,13488,35.12 ,Unknown,Ser,1562,24,116,57,"Lopes MR, et al. Genomic analysis and D-xylose fermentation of three novel Spathaspora species: Spathaspora girioi sp. Nov., Spathaspora hagerdaliae f. a., sp. nov., and Spathaspora gorwiae f. a., sp. Nov. FEMS Yeast Res. 2016 Jun;16(4)",
170,Spathaspora_hagerdaliae,Spathaspora hagerdaliae,,CUG-Ser1,Debaryomycetaceae,Spathaspora,UFMG-CM-Y303,,13475,,UFMG-CM-Y303,NCBI,Public,Type,No,1873,6953,Unknown,16495406,35635,37.37 ,Unknown,Ser,1658,15,68,18,"Lopes MR, et al. Genomic analysis and D-xylose fermentation of three novel Spathaspora species: Spathaspora girioi sp. Nov., Spathaspora hagerdaliae f. a., sp. nov., and Spathaspora gorwiae f. a., sp. Nov. FEMS Yeast Res. 2016 Jun;16(4)",
171,Spathaspora_passalidarum,Spathaspora passalidarum,,CUG-Ser1,Debaryomycetaceae,Spathaspora,NRRL Y-27907,Y-27907,10155,,,JGI,Public,Type,Yes,8,5666,Unknown,13182099,2071440,35.05 ,Unknown,Ser,1728,6,16,9,"Wohlbach DJ, et al. Comparative genomics of xylose-fermenting fungi for enhanced biofuel production. Proc. Natl. Acad. Sci. U.S.A. 108, 13212–13217 (2011).",
172,Wickerhamia_fluorescens,Wickerhamia fluorescens,,CUG-Ser1,Debaryomycetaceae,Wickerhamia,JCM 1821,YB-4819,4565,1821,,GCA_001599155.1,NBRP/RIKEN,Type,Yes,20,5297,See Supplementary Methods,13178500,1643810,37.70 ,Unknown,Ser,1696,6,49,8,This study,
173,yHMPu5000041863_Candida_gorgasii,Candida gorgasii,,CUG-Ser1,Debaryomycetaceae,Candida,NRRL Y-27707,Y-27707,9880,,,PPPC00000000,Y1000+,Type,No,175,5577,49.53679167,11328227,1394992,36.38 ,0.000003,Ser,1669,7,61,22,This study,
174,yHMPu5000041862_Candida_golubevii,Candida golubevii,,CUG-Ser1,Metschnikowiaceae,Candida,NRRL Y-48707,Y-48707,11362,,,PPPB00000000,Y1000+,Type,No,882,5700,529.26,14776713,132872,45.12 ,0.000045,Ser,1625,4,88,42,This study,
175,yHMPu5000041855_Candida_ascalaphidarum,Candida ascalaphidarum,,CUG-Ser1,Debaryomycetaceae,Candida,NRRL Y-27908,Y-27908,10156,,,PPPA00000000,Y1000+,Type,No,1113,4959,84.06,10410731,463673,53.98 ,0.000007,Ser,1624,6,38,91,This study,
176,yHMPu5000041840_Candida_wancherniae,Candida wancherniae,,CUG-Ser1,Metschnikowiaceae,Candida,NRRL Y-48709,Y-48709,,,,PPOZ00000000,Y1000+,Type,No,339,4825,96.29283333,10260315,881935,53.15 ,0.000005,Ser,1671,4,71,13,This study,
177,yHMPu5000041833_Candida_tammaniensis,Candida tammaniensis,,CUG-Ser1,Debaryomycetaceae,Candida,NRRL Y-8257,Y-8257,8504,10730,,PPOY00000000,Y1000+,Type,No,358,5523,90.22,10779561,905678,33.49 ,0.000006,Ser,1662,3,54,40,This study,
178,yHMPu5000041829_Debaryomyces_fabryi,Debaryomyces fabryi,,CUG-Ser1,Debaryomycetaceae,Debaryomyces,NRRL Y-17914,Y-17914,789,2104,,PPOX00000000,Y1000+,Type,No,480,5618,31.42,11866120,751370,35.65 ,0.000031,Ser,1727,11,16,5,This study,
179,yHMPu5000041824_Debaryomyces_subglobosus,Debaryomyces subglobosus,,CUG-Ser1,Debaryomycetaceae,Debaryomyces,NRRL Y-6666,Y-6666,792,1989,,PPOW00000000,Y1000+,Type,No,291,5552,27.048375,11499234,819411,35.42 ,0.000009,Ser,1731,8,14,6,This study,
180,yHMPu5000041743_Candida_hawaiiana,Candida hawaiiana,,CUG-Ser1,Metschnikowiaceae,Candida,NRRL Y-27473,Y-27473,9146,,,PPOT00000000,Y1000+,Type,No,335,5098,114.95,11848248,603499,48.16 ,0.000011,Ser,1619,4,98,38,This study,
181,yHMPu5000041713_Debaryomyces_maramus,Debaryomyces maramus,,CUG-Ser1,Debaryomycetaceae,Debaryomyces,NRRL Y-2171,Y-2171,1958,1528,,PPOS00000000,Y1000+,Type,No,341,5559,72.46,11038987,1354523,37.23 ,0.000015,Ser,1724,8,21,6,This study,
182,yHMPu5000041693_Debaryomyces_nepalensis,Debaryomyces nepalensis,,CUG-Ser1,Debaryomycetaceae,Debaryomyces,NRRL Y-7108,Y-7108,5921,2095,,PPOR00000000,Y1000+,Type,No,210,5575,27.41,11427799,855293,36.88 ,0.000013,Ser,1728,8,16,7,This study,
183,yHMPu5000041678_Debaryomyces_prosopidis,Debaryomyces prosopidis,,CUG-Ser1,Debaryomycetaceae,Debaryomyces,NRRL Y-27369,Y-27369,8450,9913,,PPOQ00000000,Y1000+,Type,No,323,6201,95.29,12878943,354435,35.69 ,0.000019,Ser,1717,14,17,11,This study,
184,yHMPu5000035707_Candida_heveicola,Candida heveicola,,CUG-Ser1,Metschnikowiaceae,Candida,NRRL Y-48716,Y-48716,10701,,,PPOB00000000,Y1000+,Type,No,85,5216,93.04833333,13065558,878990,47.20 ,0.000014,Ser,1681,9,50,19,This study,
185,yHMPu5000035681_Candida_gotoi,Candida gotoi,,CUG-Ser1,Debaryomycetaceae,Candida,NRRL Y-27225,Y-27225,8531,10145,,PPNP00000000,Y1000+,Type,No,513,5752,137.9507083,13294897,547273,40.54 ,0.000006,Ser,1709,9,33,8,This study,
186,yHMPu5000035679_Candida_rhagii,Candida rhagii,,CUG-Ser1,Debaryomycetaceae,Candida,NRRL Y-2594,Y-2594,4237,9839,,PPNO00000000,Y1000+,Type,No,333,5587,112.1460833,12380707,685568,40.79 ,0.00001,Ser,1709,6,35,9,This study,
187,yHMPu5000035677_Kodamaea_ohmeri,Kodamaea ohmeri,,CUG-Ser1,Metschnikowiaceae,Kodamaea,NRRL Y-1932,Y-1932,5367,,,PPNN00000000,Y1000+,Type,Yes,200,5362,44.99033333,12356549,302404,42.71 ,0.000002,Ser,1693,8,43,15,This study,
188,yHMPu5000035667_Kurtzmaniella_cleridarum,Kurtzmaniella cleridarum,,CUG-Ser1,Debaryomycetaceae,Kurtzmaniella,NRRL Y-48386,Y-48386,8793,,,PPNG00000000,Y1000+,Type,Yes,418,5478,72.41591667,12089939,82758,33.02 ,0.000024,Ser,1680,5,57,17,This study,
189,yHMPu5000035662_Meyerozyma_caribbica,Meyerozyma caribbica,,CUG-Ser1,Debaryomycetaceae,Meyerozyma,NRRL Y-27274,Y-27274,9966,,,PPNE00000000,Y1000+,Type,No,295,5027,45.1175,10430037,847748,47.07 ,0.000007,Ser,1714,5,31,9,This study,
190,yHMPu5000035641_Yamadazyma_scolyti,Yamadazyma scolyti,,CUG-Ser1,Debaryomycetaceae,Yamadazyma,NRRL Y-5512,Y-5512,4802,3654,,PPMW00000000,Y1000+,Type,No,301,5207,55.60175,11281806,401942,38.75 ,0.000006,Ser,1670,4,58,27,This study,
191,yHMPu5000035640_Yamadazyma_philogaea,Yamadazyma philogaea,,CUG-Ser1,Debaryomycetaceae,Yamadazyma,NRRL Y-7813,Y-7813,6696,10739,,PPMV00000000,Y1000+,Type,Yes,592,4854,91.84375,11099299,320613,42.76 ,0.000015,Ser,1674,6,65,14,This study,
192,yHMPu5000035335_Candida_blattae,Candida blattae,,CUG-Ser1,Metschnikowiaceae,Candida,NRRL Y-27698,Y-27698,9871,,,PPMS00000000,Y1000+,Type,No,785,5526,146.4769583,12070944,611220,49.63 ,0.000008,Ser,1698,7,45,9,This study,
193,yHMPu5000035318_Hyphopichia_heimii,Hyphopichia heimii,,CUG-Ser1,Debaryomycetaceae,Hyphopichia,NRRL Y-7502,Y-7502,6139,,,PPMQ00000000,Y1000+,Type,No,5312,5882,39.46975,12899338,117182,40.39 ,0.000021,Ser,1715,7,30,7,This study,
194,yHMPu5000035302_Candida_fragi,Candida fragi,,CUG-Ser1,Debaryomycetaceae,Candida,NRRL Y-17910,Y-17910,7702,1791,,PPMP00000000,Y1000+,Type,No,453,5376,73.62566667,12011033,250691,35.75 ,0.000014,Ser,1671,4,63,21,This study,
195,yHMPu5000035297_Priceomyces_castillae,Priceomyces castillae,,CUG-Ser1,Debaryomycetaceae,Priceomyces,NRRL Y-7501,Y-7501,6053,10733,,PPMN00000000,Y1000+,Type,No,597,5158,15.92,10803786,341274,36.80 ,0.000009,Ser,1358,3,42,356,This study,
196,yHMPu5000035296_Priceomyces_carsonii,Priceomyces carsonii,,CUG-Ser1,Debaryomycetaceae,Priceomyces,NRRL YB-4275,YB-4275,2285,8121,,PPMM00000000,Y1000+,Type,No,215,5670,51.18154167,11696651,610485,37.06 ,0.000015,Ser,1714,5,32,8,This study,
197,yHMPu5000035252_Yamadazyma_nakazawae,Yamadazyma nakazawae,,CUG-Ser1,Debaryomycetaceae,Yamadazyma,NRRL Y-7903,Y-7903,6700,7529,,PPMF00000000,Y1000+,Type,No,1033,5331,21.67,11046802,229255,37.57 ,0.000019,Ser,1139,3,61,556,This study,
198,yHMPu5000035033_Candida_cretensis,Teunomyces cretensis,,CUG-Ser1,Debaryomycetaceae,Teunomyces,NRRL Y-27777,Y-27777,9453,,,PPLT00000000,Y1000+,Type,No,137,5169,73.22270833,11191205,1487040,46.16 ,0.000001,Ser,1721,7,26,5,This study,
199,yHMPu5000035032_Candida_gatunensis,Teunomyces gatunensis,,CUG-Ser1,Debaryomycetaceae,Teunomyces,NRRL Y-48064,Y-48064,10379,,,PPLS00000000,Y1000+,Type,No,660,5262,83.95879167,10804638,599434,41.86 ,0.000011,Ser,1704,6,36,13,This study,
200,yHMPu5000035031_Candida_kruisii,Teunomyces kruisii,,CUG-Ser1,Debaryomycetaceae,Teunomyces,NRRL Y-17087,Y-17087,6451,1779,,PPLR00000000,Y1000+,Type,Yes,232,5754,37.23841667,12747288,268031,46.07 ,0.000001,Ser,1689,36,29,5,This study,
201,yHMPu5000035022_Candida_emberorum,Suhomyces emberorum,,CUG-Ser1,Debaryomycetaceae,Suhomyces,NRRL Y-27606,Y-27606,9827,,,PPLQ00000000,Y1000+,Type,No,308,5471,44.86770833,13487496,602038,40.75 ,0.000003,Ser,1696,5,46,12,This study,
202,yHMPu5000035018_Candida_canberraensis,Suhomyces canberraensis,,CUG-Ser1,Debaryomycetaceae,Suhomyces,NRRL YB-2417,YB-2417,8846,,,PPLP00000000,Y1000+,Type,No,260,5763,63.274875,14766705,607260,40.01 ,0.000002,Ser,1710,8,32,9,This study,
203,yHMPu5000035011_Candida_pyralidae,Suhomyces pyralidae,,CUG-Ser1,Debaryomycetaceae,Suhomyces,NRRL Y-27085,Y-27085,5035,,,PPLO00000000,Y1000+,Type,No,412,5373,167.6181667,12356807,1111855,42.67 ,0.000008,Ser,1710,2,40,7,This study,
204,yHMPu5000034999_Cephaloascus_fragrans,Cephaloascus fragrans,,CUG-Ser1,Cephaloascaceae,Cephaloascus,NRRL Y-6742,Y-6742,121.29,7613,,PPLN00000000,Y1000+,Type,Yes,427,5865,23.94145833,13710789,1066020,36.86 ,0,Ser,1696,5,48,10,This study,
205,yHMPu5000034998_Cephaloascus_albidus,Cephaloascus albidus,,CUG-Ser1,Cephaloascaceae,Cephaloascus,NRRL Y-7343,Y-7343,389.77,,,PPLM00000000,Y1000+,Type,No,2177,7315,272.935,16265431,87158,34.60 ,0.002444,Ser,1687,15,49,8,This study,
206,yHMPu5000034990_Candida_corydali,Candida corydali,,CUG-Ser1,Debaryomycetaceae,Candida,NRRL Y-27910,Y-27910,10158,,,PPLL00000000,Y1000+,Type,No,160,5412,61.66233333,11630870,466639,34.06 ,0.000006,Ser,1677,7,56,19,This study,
207,yHMPu5000034988_Candida_fructus,Candida fructus,,CUG-Ser1,Metschnikowiaceae,Candida,NRRL Y-17072,Y-17072,6380,1513,,PPLK00000000,Y1000+,Type,No,190,5017,33.06433333,11424057,195674,49.03 ,0,Ser,1684,10,48,17,This study,
208,yHMPu5000034986_Candida_oregonensis,Candida oregonensis,,CUG-Ser1,Metschnikowiaceae,Candida,NRRL Y-5850,Y-5850,5036,1811,,PPLJ00000000,Y1000+,Type,No,551,5328,95.83595833,10888765,957844,47.46 ,0.000003,Ser,1684,8,56,11,This study,
209,yHMPu5000034973_Danielozyma_ontarioensis,Danielozyma ontarioensis,,CUG-Ser1,Metschnikowiaceae,Danielozyma,NRRL YB-1246,YB-1246,8502,10729,,PPLF00000000,Y1000+,Type,Yes,284,5149,52.05054167,10695036,741203,46.57 ,0.000004,Ser,1696,9,50,4,This study,
210,yHMPu5000034665_Kodamaea_laetipori,Kodamaea laetipori,,CUG-Ser1,Metschnikowiaceae,Kodamaea,NRRL Y-27713,Y-27713,9884,,,PPJF00000000,Y1000+,Type,No,145,6050,62.46220833,15027331,873225,40.27 ,0.000009,Ser,1692,10,45,12,This study,
211,yHMPu5000034654_Aciculoconidium_aculeatum,Aciculoconidium aculeatum,,CUG-Ser1,Metschnikowiaceae,Aciculoconidium,NRRL YB-4298,YB-4298,5578,13354,,PPJB00000000,Y1000+,Type,Yes,1065,7084,136.7267083,18151909,218239,37.86 ,0.000022,Ser,1669,6,66,18,This study,
212,yHMPu5000034648_Candida_restingae,Candida restingae,,CUG-Ser1,Metschnikowiaceae,Candida,NRRL Y-27358,Y-27358,8493,,,PPJA00000000,Y1000+,Type,No,250,5371,65.66695833,13949930,597890,44.03 ,0.000003,Ser,1696,10,44,9,This study,
213,yHMPu5000034643_Candida_schatavii,Candida schatavii,,CUG-Ser1,Debaryomycetaceae,Candida,NRRL Y-17078,Y-17078,6452,1778,,PPIY00000000,Y1000+,Type,No,234,5660,80.72858333,13722773,327639,46.50 ,0.000001,Ser,1671,14,68,6,This study,
214,yHMPu5000034632_Candida_athensensis,Candida athensensis,,CUG-Ser1,Debaryomycetaceae,Candida,NRRL Y-27644,Y-27644,9840,,,PPIU00000000,Y1000+,Type,No,42,4611,26.33670833,9658105,843707,45.52 ,0,Ser,1692,6,53,8,This study,
215,yHMPu5000034606_Priceomyces_medius,Priceomyces medius,,CUG-Ser1,Debaryomycetaceae,Priceomyces,NRRL Y-7122,Y-7122,5521,10737,,PPIF00000000,Y1000+,Type,No,176,5280,55.63270833,11052730,970097,36.84 ,0.000003,Ser,1699,6,43,11,This study,
216,Ascoidea_asiatica,Ascoidea asiatica,,CUG-Ser2,Ascoideaceae,Ascoidea,JCM 7603,Y-17576,457.69,7603,,GCA_001600695.1,NBRP/RIKEN,Reference,No,71,7632,See Supplementary Methods,20313720,1153196,25.20 ,Unknown,Ser,1553,44,65,97,This study,
217,Ascoidea_rubescens,Ascoidea rubescens,,CUG-Ser2,Ascoideaceae,Ascoidea,NRRL Y-17699,Y-17699,,,,JGI,Public,Authentic,Yes,63,6318,Unknown,17503998,1035938,32.85 ,Unknown,Ser,1573,27,67,92,"Riley R, et al. Comparative genomics of biotechnologically important yeasts. Proc Natl Acad Sci USA 113:9882-7 (2016).",
218,Saccharomycopsis_malanga,Saccharomycopsis malanga,,CUG-Ser2,Saccharomycopsidaceae,Saccharomycopsis,JCM 7620,Y-7175,6267,7620,,GCA_001599215.1,NBRP/RIKEN,Type,No,44,6187,See Supplementary Methods,16719687,1632271,38.15 ,Unknown,Ser,1621,11,78,49,This study,
219,yHMPu5000034607_Saccharomycopsis_capsularis,Saccharomycopsis capsularis,,CUG-Ser2,Saccharomycopsidaceae,Saccharomycopsis,NRRL Y-17639,Y-17639,2519,,,PPIG00000000,Y1000+,Type,Yes,1346,6736,118.7935417,17530741,290682,44.28 ,0.000008,Ser,1585,36,88,50,"This study; Krassowski T, et al. Evolutionary Instability of CUG-Leu in the Genetic Code of Budding Yeasts. Nat. Commun. 9, 1887 (2018).",
220,Cyberlindnera_fabianii_JCM3601,Cyberlindnera fabianii,,Phaffomycetaceae,Phaffomycetaceae,Cyberlindnera,JCM 3601,Y-1871,5640,3601,,GCA_001599195.1,NBRP/RIKEN,Type,No,12,5752,See Supplementary Methods,12303847,1964508,44.49 ,Unknown,Leu,1692,7,43,17,This study,
221,Cyberlindnera_jadinii,Cyberlindnera jadinii,,Phaffomycetaceae,Phaffomycetaceae,Cyberlindnera,NRRL Y-1542,Y-1542,1600,3617,,JGI,Public,Type,No,76,5860,Unknown,13018415,700888,44.50 ,Unknown,Leu,1663,27,54,15,"Riley R, et al. Comparative genomics of biotechnologically important yeasts. Proc Natl Acad Sci USA 113:9882-7 (2016).",
222,Wickerhamomyces_anomalus,Wickerhamomyces anomalus,,Phaffomycetaceae,Phaffomycetaceae,Wickerhamomyces,NRRL Y-366,Y-366,1984,3585,,JGI,Public,Type,No,46,6207,Unknown,14145566,2188197,34.55 ,Unknown,Leu,1705,10,31,13,"Riley R, et al. Comparative genomics of biotechnologically important yeasts. Proc Natl Acad Sci USA 113:9882-7 (2016).",
223,Wickerhamomyces_ciferrii,Wickerhamomyces ciferrii,,Phaffomycetaceae,Phaffomycetaceae,Wickerhamomyces,NRRL Y-1031,Y-1031,111,3599,,NCBI,Public,Type,No,364,6645,Unknown,15901152,98237,30.39 ,Unknown,Leu,1716,8,24,11,"Schneider  J, et al. Draft genome sequence of Wickerhamomyces ciferrii NRRL Y-1031 F-60-10. Eukaryotic Cell. 2012 Dec;11(12):1582–3.",
224,yHMPu5000035703_Cyberlindnera_americana,Cyberlindnera americana,,Phaffomycetaceae,Phaffomycetaceae,Cyberlindnera,NRRL Y-2156,Y-2156,5644,3592,,PPOA00000000,Y1000+,Type,Yes,417,5848,140.3677083,11555069,523989,42.10 ,0.000016,Leu,1680,8,48,23,This study,
225,yHMPu5000035699_Cyberlindnera_maclurae,Cyberlindnera maclurae,,Phaffomycetaceae,Phaffomycetaceae,Cyberlindnera,NRRL Y-5377,Y-5377,8671,,,PPNZ00000000,Y1000+,Type,No,2336,5725,152.763,10515262,117157,49.03 ,0.000411,Leu,1674,9,60,16,This study,
226,yHMPu5000035690_Candida_vartiovaarae,Candida vartiovaarae,,Phaffomycetaceae,Phaffomycetaceae,Candida,NRRL Y-6701,Y-6701,4289,3759,,PPNV00000000,Y1000+,Type,No,237,5617,58.671625,11225528,454449,46.42 ,0.00001,Leu,1678,11,53,17,This study,
227,yHMPu5000035689_Candida_mycetangii,Candida mycetangii,,Phaffomycetaceae,Phaffomycetaceae,Candida,NRRL Y-6843,Y-6843,8675,,,PPNU00000000,Y1000+,Type,No,146,5720,73.5025,12145481,936046,45.51 ,0.000005,Leu,1686,9,50,14,This study,
228,yHMPu5000035688_Cyberlindnera_xylosilytica,Cyberlindnera xylosilytica,,Phaffomycetaceae,Phaffomycetaceae,Cyberlindnera,NRRL YB-2097,YB-2097,13984,,,PPNT00000000,Y1000+,Type,No,464,6510,64.407125,13871052,249233,49.59 ,0.000002,Leu,1675,17,47,20,This study,
229,yHMPu5000035687_Cyberlindnera_suaveolens,Cyberlindnera suaveolens,,Phaffomycetaceae,Phaffomycetaceae,Cyberlindnera,NRRL Y-17391,Y-17391,255,,,PPNS00000000,Y1000+,Type,No,886,6088,44.08725,12292839,175574,42.85 ,0.000009,Leu,1705,11,31,12,This study,
230,yHMPu5000035686_Cyberlindnera_saturnus,Cyberlindnera saturnus,,Phaffomycetaceae,Phaffomycetaceae,Cyberlindnera,NRRL Y-17396,Y-17396,254,,,PPNR00000000,Y1000+,Type,No,650,6564,99.49929167,13328670,329270,42.81 ,0.000017,Leu,1683,16,47,13,This study,
231,yHMPu5000035673_Candida_orba,Candida orba,,Phaffomycetaceae,Phaffomycetaceae,Candida,NRRL Y-27336,Y-27336,8782,,,PPNK00000000,Y1000+,Type,No,690,5742,205.34425,11407989,313077,31.56 ,0.00003,Leu,1672,5,44,38,This study,
232,yHMPu5000035672_Phaffomyces_thermotolerans,Phaffomyces thermotolerans,,Phaffomycetaceae,Phaffomycetaceae,Phaffomyces,NRRL Y-11709,Y-11709,7012,1837,,PPNJ00000000,Y1000+,Type,No,630,5625,46.33,11313357,278406,31.11 ,0.000006,Leu,1668,6,46,39,This study,
233,yHMPu5000035671_Phaffomyces_antillensis,Phaffomyces antillensis,,Phaffomycetaceae,Phaffomycetaceae,Phaffomyces,NRRL Y-12881,Y-12881,7111,,,PPNI00000000,Y1000+,Type,No,1461,5931,30.043375,11982549,207511,31.81 ,0.000007,Leu,1671,5,46,37,This study,
234,yHMPu5000035670_Phaffomyces_opuntiae,Phaffomyces opuntiae,,Phaffomycetaceae,Phaffomycetaceae,Phaffomyces,NRRL Y-11707,Y-11707,7010,1836,,PPNH00000000,Y1000+,Type,Yes,986,5913,157.888,13138333,114155,31.71 ,0.000033,Leu,1670,7,48,34,This study,
235,yHMPu5000035658_Starmera_amethionina,Starmera amethionina,,Phaffomycetaceae,Phaffomycetaceae,Starmera,NRRL Y-10978,Y-10978,6940,1831,,PPNC00000000,Y1000+,Type,Yes,1669,5836,99.269875,11591917,120477,31.69 ,0.002142,Leu,1640,14,69,36,This study,
236,yHMPu5000035639_Wickerhamomyces_canadensis,Wickerhamomyces canadensis,,Phaffomycetaceae,Phaffomycetaceae,Wickerhamomyces,NRRL Y-1888,Y-1888,1992,3597,,PPMU00000000,Y1000+,Type,Yes,365,5950,72.779375,12429788,306990,39.12 ,0.000013,Leu,1694,10,37,18,This study,
237,yHMPu5000035325_Cyberlindnera_petersonii,Cyberlindnera petersonii,,Phaffomycetaceae,Phaffomycetaceae,Cyberlindnera,NRRL YB-3808,YB-3808,5555,3619,,PPMR00000000,Y1000+,Type,No,6324,5769,46.4025,11596853,205038,43.40 ,0.000033,Leu,1680,11,47,21,This study,
238,yHMPu5000035286_Candida_azyma,Wickerhamomyces sp.,,Phaffomycetaceae,Phaffomycetaceae,Wickerhamomyces,NRRL YB-2243,YB-2243,,1691,,PPML00000000,Y1000+,Type,No,450,5949,29.49,12074784,427571,37.42,0.000015,Leu,1669,9,52,29,This study,"The ""old_species_id"" column and some supplements incorrectly refer to Candida azyma. The strain was discovered to likely represent a new species of Wicherhamomyces during the project."
239,yHMPu5000035274_Wickerhamomyces_alni,Wickerhamomyces alni,,Phaffomycetaceae,Phaffomycetaceae,Wickerhamomyces,NRRL Y-11625,Y-11625,6986,,,PPMI00000000,Y1000+,Type,No,1389,6112,33.66,12106642,216528,39.50 ,0.000022,Leu,1189,5,66,499,This study,
240,yHMPu5000035271_Wickerhamomyces_bovis,Wickerhamomyces bovis,,Phaffomycetaceae,Phaffomycetaceae,Wickerhamomyces,NRRL YB-4184,YB-4184,2616,3640,,PPMH00000000,Y1000+,Type,No,410,5850,62.639625,11649508,279838,40.24 ,0.000045,Leu,1697,11,39,12,This study,
241,yHMPu5000035268_Wickerhamomyces_hampshirensis,Wickerhamomyces hampshirensis,,Phaffomycetaceae,Phaffomycetaceae,Wickerhamomyces,NRRL YB-4128,YB-4128,7208,,,PPXL00000000,Y1000+,Type,No,1101,6241,56.64375,11737171,1185655,36.82 ,0.000017,Leu,1699,4,39,17,This study,
242,yHMPu5000035261_Candida_ponderosae,Candida ponderosae,,Phaffomycetaceae,Phaffomycetaceae,Candida,NRRL YB-2307,YB-2307,8801,,,PPMG00000000,Y1000+,Type,No,2820,7327,141.07,14054944,173609,35.56 ,0.000051,Leu,1656,7,70,26,This study,
243,yHMPu5000035048_Barnettozyma_salicaria,Barnettozyma salicaria,,Phaffomycetaceae,Phaffomycetaceae,Barnettozyma,NRRL Y-6780,Y-6780,5456,3653,,PPMB00000000,Y1000+,Type,No,304,5586,44.84354167,10943316,647430,38.42 ,0.000018,Leu,1663,10,56,30,This study,
244,yHMPu5000035047_Barnettozyma_pratensis,Barnettozyma pratensis,,Phaffomycetaceae,Phaffomycetaceae,Barnettozyma,NRRL Y-12696,Y-12696,7079,,,PPMA00000000,Y1000+,Type,No,469,5854,40.59704167,12547507,264426,38.09 ,0.000015,Leu,1688,8,42,21,This study,
245,yHMPu5000035046_Barnettozyma_populi,Barnettozyma populi,,Phaffomycetaceae,Phaffomycetaceae,Barnettozyma,NRRL Y-12728,Y-12728,8094,,,PPLZ00000000,Y1000+,Type,Yes,726,5594,29.963125,11460507,390696,43.19 ,0.000007,Leu,1678,10,52,19,This study,
246,yHMPu5000035045_Barnettozyma_hawaiiensis,Barnettozyma hawaiiensis,,Phaffomycetaceae,Phaffomycetaceae,Barnettozyma,NRRL Y-27270,Y-27270,8760,,,PPLY00000000,Y1000+,Type,No,194,5371,23.22616667,10599484,233890,43.27 ,0,Leu,1670,11,56,22,This study,
247,yHMPu5000035044_Barnettozyma_californica,Barnettozyma californica,,Phaffomycetaceae,Phaffomycetaceae,Barnettozyma,NRRL Y-17395,Y-17395,252,,,PPLX00000000,Y1000+,Type,No,276,5810,71.85116667,11861291,449699,41.51 ,0.000007,Leu,1670,13,58,18,This study,
248,yHMPu5000035037_Candida_montana,Candida montana,,Phaffomycetaceae,Phaffomycetaceae,Candida,NRRL Y-17326,Y-17326,8057,2323,,PPLU00000000,Y1000+,Type,No,153,5819,66.446125,12525257,704842,36.12 ,0.000008,Leu,1673,8,50,28,This study,
249,yHMPu5000034979_Cyberlindnera_misumaiensis,Cyberlindnera misumaiensis,,Phaffomycetaceae,Phaffomycetaceae,Cyberlindnera,NRRL Y-17389,Y-17389,8062,,,PPLI00000000,Y1000+,Type,No,361,5588,42.17933333,10494543,153383,48.49 ,0.000003,Leu,1662,20,57,20,This study,
250,yHMPu5000034978_Cyberlindnera_mrakii,Cyberlindnera mrakii,,Phaffomycetaceae,Phaffomycetaceae,Cyberlindnera,NRRL Y-1364,Y-1364,1707,3614,,PPLH00000000,Y1000+,Type,No,628,6157,35.21391667,12709324,280725,42.38 ,0.000011,Leu,1691,10,47,11,This study,
251,yHMPu5000034967_Candida_freyschussii,Candida freyschussii,,Phaffomycetaceae,Phaffomycetaceae,Candida,NRRL Y-7957,Y-7957,2161,9850,,PPLE00000000,Y1000+,Authentic,No,187,5527,45.29433333,10958042,580598,42.53 ,0.000003,Leu,1697,9,39,14,This study,
252,yHMPu5000034597_Candida_stellimalicola,Candida stellimalicola,,Phaffomycetaceae,Phaffomycetaceae,Candida,NRRL Y-17912,Y-17912,7853,3546,,PPIC00000000,Y1000+,Type,No,276,5226,64.16108333,10814520,241483,42.47 ,0.000002,Leu,1661,6,67,25,This study,
253,yHMPu5000034594_Starmera_quercuum,Starmera quercuum,,Phaffomycetaceae,Phaffomycetaceae,Starmera,NRRL YB-4281,YB-4281,2283,3659,,PPIB00000000,Y1000+,Type,No,265,5736,78.37495833,11709567,255996,40.01 ,0.000008,Leu,1685,9,51,14,This study,
254,Hanseniaspora_uvarum,Hanseniaspora uvarum,,Saccharomycodaceae,Saccharomycodaceae,Hanseniaspora,DSMZ 2768,,,,DSMZ 2768,NCBI,Public,Reference,No,335,4256,Unknown,9503661,251359,32.57 ,Unknown,Leu,1026,15,131,587,"Chen K, et al. Genbank Accession IDs: JPPO02000001-JPPO02000041 (2014).",
255,Hanseniaspora_valbyensis,Hanseniaspora valbyensis,,Saccharomycodaceae,Saccharomycodaceae,Hanseniaspora,NRRL Y-1626,Y-1626,479,2182,,JGI,Public,Type,Yes,647,5010,Unknown,11464179,332595,26.71 ,Unknown,Leu,980,8,154,617,"Riley R, et al. Comparative genomics of biotechnologically important yeasts. Proc Natl Acad Sci USA 113:9882-7 (2016).",
256,Hanseniaspora_vinae,Hanseniaspora vineae,,Saccharomycodaceae,Saccharomycodaceae,Hanseniaspora,T02/19AF,,,,T02/19AF,,Public,Reference,No,305,4661,Unknown,11383302,83174,37.41 ,Unknown,Leu,1508,1,112,138,"Giorello FM, et al. Genome Sequence of the Native Apiculate Wine Yeast Hanseniaspora vineae T02/19AF. Genome Announc 2, (2014).",
257,yHMPu5000035696_Hanseniaspora_singularis,Hanseniaspora singularis,,Saccharomycodaceae,Saccharomycodaceae,Hanseniaspora,NRRL Y-63757,Y-63757,,,,PPNY00000000,Y1000+,Type,No,1225,4985,59.29,8997258,129173,26.22 ,0.000535,Leu,1022,4,140,593,This study,
258,yHMPu5000035695_Hanseniaspora_pseudoguilliermondii,Hanseniaspora pseudoguilliermondii,,Saccharomycodaceae,Saccharomycodaceae,Hanseniaspora,NRRL Y-63756,Y-63756,8772,,,PPNX00000000,Y1000+,Type,No,917,4438,55.886625,8880013,217133,34.53 ,0.000794,Leu,1110,1,122,526,This study,
259,yHMPu5000035684_Kloeckera_hatyaiensis,Kloeckera hatyaiensis,,Saccharomycodaceae,Saccharomycodaceae,Kloeckera,NRRL Y-63760,Y-63760,,,,PPNQ00000000,Y1000+,Type,No,1209,4589,92.275125,9782044,121364,36.43 ,0.001151,Leu,1107,6,126,520,This study,
260,yHMPu5000034963_Hanseniaspora_clermontiae,Hanseniaspora clermontiae,,Saccharomycodaceae,Saccharomycodaceae,Hanseniaspora,NRRL Y-27515,Y-27515,8821,,,PPLD00000000,Y1000+,Type,No,794,4450,39.19779167,8871681,109972,36.77 ,0.001055,Leu,1106,6,116,531,This study,
261,yHMPu5000034957_Hanseniaspora_osmophila,Hanseniaspora osmophila,,Saccharomycodaceae,Saccharomycodaceae,Hanseniaspora,NRRL Y-1613,Y-1613,313,,,PPLC00000000,Y1000+,Type,No,1899,5050,250.1067083,11743089,139256,37.12 ,0.000255,Leu,1498,11,118,132,This study,
262,Ashbya_aceri,Ashbya aceri,,Saccharomycetaceae,Saccharomycetaceae,Ashbya,FM-2008,,,,FM-2008,NCBI,Public,Type,No,8,4322,Unknown,8894523,1493473,51.19 ,Unknown,Leu,1704,3,28,24,"Dietrich FS, et al. Genomes of Ashbya fungi isolated from insects reveal four mating-type loci, numerous translocations, lack of transposons, and distinct gene duplications. G3 (Bethesda) 3, 1225–1239 (2013).",
263,Candida_glabrata,Candida glabrata,,Saccharomycetaceae,Saccharomycetaceae,Candida,CBS 138,Y-65,138,3761,,Genolevures,Public,Type,No,13,5143,Unknown,12318245,1100349,38.65 ,Unknown,Leu,1657,56,27,19,"Dujon B, et al. Genome evolution in yeasts. Nature. 2004 Jul 1;430(6995):35–44.",
264,Eremothecium_coryli,Eremothecium coryli,,Saccharomycetaceae,Saccharomycetaceae,Eremothecium,CBS 5749,,5749,,,NCBI,Public,Reference,No,19,4439,Unknown,9094934,1035239,41.58 ,Unknown,Leu,1677,4,40,38,"Wendland J, et al. Chromosome number reduction in Eremothecium coryli by two telomere-to-telomere fusions. Genome Biol Evol 6, 1186–1198 (2014).",
265,Eremothecium_cymbalariae,Eremothecium cymbalariae,,Saccharomycetaceae,Saccharomycetaceae,Eremothecium,DBVPG 7215,,,,DBVPG 7215,NCBI,Public,Reference,Yes,8,4471,Unknown,9669424,1193613,40.32 ,Unknown,Leu,1661,2,63,33,"Wendland J, et al. Chromosome number reduction in Eremothecium coryli by two telomere-to-telomere fusions. Genome Biol Evol 6, 1186–1198 (2014).",
266,Eremothecium_gossypii,Eremothecium gossypii,Ashbya gossypii,Saccharomycetaceae,Saccharomycetaceae,Eremothecium,ATCC 10895,Y-1056,109.51,,ATCC 10895,Genolevures,Public,Reference,No,7,4327,Unknown,9095748,1519140,51.79 ,Unknown,Leu,1699,3,31,26,"Dietrich FS, et al. The Ashbya gossypii Genome as a Tool for Mapping the Ancient Saccharomyces cerevisiae Genome. Science. 2004 Apr 9;304(5668):304–7. ",
267,Eremothecium_sinecaudum,Eremothecium sinecaudum,Holleya sinecauda,Saccharomycetaceae,Saccharomycetaceae,Eremothecium,ATCC 58844,Y-17231,8199,,ATCC 58844,NCBI,Public,Type,No,8,4314,Unknown,8948761,1398029,40.15 ,Unknown,Leu,1642,4,57,56,Dietrich FS. GenBank Accession ID: GCA_001548555.1 (2016).,
268,Kazachstania_africana,Kazachstania africana,,Saccharomycetaceae,Saccharomycetaceae,Kazachstania,CBS 2517,Y-8276,2517,,,JGI,Public,Type,No,12,5122,Unknown,11130140,1026673,36.29 ,Unknown,Leu,1611,67,46,35,"Gordon JL, et al. Evolutionary erosion of yeast sex chromosomes by mating-type switching accidents. Proc. Natl. Acad. Sci. U.S.A. 108, 20024–20029 (2011).",
269,Kazachstania_naganishii,Kazachstania naganishii,,Saccharomycetaceae,Saccharomycetaceae,Kazachstania,CBS 8797,Y-48838,8797,,,Genolevures,Public,Type,No,13,4925,Unknown,10845821,856010,45.89 ,Unknown,Leu,1648,63,30,18,"Gordon JL, et al. Evolutionary erosion of yeast sex chromosomes by mating-type switching accidents. Proc. Natl. Acad. Sci. U.S.A. 108, 20024–20029 (2011).",
270,Kluyveromyces_lactis,Kluyveromyces lactis,,Saccharomycetaceae,Saccharomycetaceae,Kluyveromyces,CBS 2359,Y-1140,2359,22014,,Genolevures,Public,Reference,No,6,4962,Unknown,10689156,1753957,38.76 ,Unknown,Leu,1707,7,26,19,"Dujon B, et al. Genome evolution in yeasts. Nature. 2004 Jul 1;430(6995):35–44.",
271,Kluyveromyces_marxianus,Kluyveromyces marxianus,,Saccharomycetaceae,Saccharomycetaceae,Kluyveromyces,DMB1,,,,DMB1,NCBI,Public,Reference,Yes,36,5110,Unknown,11165408,1416405,40.09 ,Unknown,Leu,1687,8,47,17,"Suzuki T, et al. Draft Genome Sequence of Kluyveromyces marxianus Strain DMB1, Isolated from Sugarcane Bagasse Hydrolysate. Genome Announc 2, (2014).",
272,Lachancea_cidri,Lachancea cidri,,Saccharomycetaceae,Saccharomycetaceae,Lachancea,CBS 2950,Y-12635,2950,,,Genolevures,Public,Reference,No,8,4740,Unknown,10147735,1743998,41.26 ,Unknown,Leu,1718,1,31,9,"Vakirlis N, et al. Reconstruction of ancestral chromosome architecture and gene repertoire reveals principles of genome evolution in a model yeast genus. Genome Res. 2016 Jul;26(7):918-32. doi: 10.1101/gr.204420.116. Epub 2016 May 31.",
273,Lachancea_dasiensis,Lachancea dasiensis,,Saccharomycetaceae,Saccharomycetaceae,Lachancea,CBS 10888,,10888,,,Genolevures,Public,Type,No,8,4889,Unknown,10701617,1410526,45.16 ,Unknown,Leu,1702,4,42,11,"Vakirlis N, et al. Reconstruction of ancestral chromosome architecture and gene repertoire reveals principles of genome evolution in a model yeast genus. Genome Res. 2016 Jul;26(7):918-32. doi: 10.1101/gr.204420.116. Epub 2016 May 31.",
274,Lachancea_fantastica,Lachancea fantastica nom. nud.,,Saccharomycetaceae,Saccharomycetaceae,Lachancea,CBS 6924,Y-17216,6924,,,Genolevures,Public,Reference,No,7,5002,Unknown,11336659,2184418,44.49 ,Unknown,Leu,1711,2,34,12,"Vakirlis N, et al. Reconstruction of ancestral chromosome architecture and gene repertoire reveals principles of genome evolution in a model yeast genus. Genome Res. 2016 Jul;26(7):918-32. doi: 10.1101/gr.204420.116. Epub 2016 May 31.",
275,Lachancea_fermentati,Lachancea fermentati,,Saccharomycetaceae,Saccharomycetaceae,Lachancea,CBS 6772,Y-17056,6772,,,Genolevures,Public,Reference,No,8,4879,Unknown,10264457,1346284,42.57 ,Unknown,Leu,1717,3,28,11,"Vakirlis N, et al. Reconstruction of ancestral chromosome architecture and gene repertoire reveals principles of genome evolution in a model yeast genus. Genome Res. 2016 Jul;26(7):918-32. doi: 10.1101/gr.204420.116. Epub 2016 May 31.",
276,Lachancea_kluyveri,Lachancea kluyveri,,Saccharomycetaceae,Saccharomycetaceae,Lachancea,CBS 3082,Y-12651,3082,7257,,Genolevures,Public,Type,No,8,5189,Unknown,11345814,1295559,41.52 ,Unknown,Leu,1716,4,31,8,"Génolevures Consortium, et al. Comparative genomics of protoploid Saccharomycetaceae. Genome Res. 2009 Oct;19(10):1696–709. ",
277,Lachancea_lanzarotensis,Lachancea lanzarotensis,,Saccharomycetaceae,Saccharomycetaceae,Lachancea,CBS 12615,,12615,,,NCBI,Public,Type,No,24,4871,Unknown,11092131,910667,44.28 ,Unknown,Leu,1714,3,30,12,"Sarilar V, et al. Draft Genome Sequence of Lachancea lanzarotensis CBS 12615T, an Ascomycetous Yeast Isolated from Grapes. Genome Announc. 2015;3(2). ",
278,Lachancea_meyersii,Lachancea meyersii,,Saccharomycetaceae,Saccharomycetaceae,Lachancea,CBS 8951,Y-27269,8951,,,Genolevures,Public,Type,No,8,4955,Unknown,11261819,2013154,45.33 ,Unknown,Leu,1713,4,31,11,"Vakirlis N, et al. Reconstruction of ancestral chromosome architecture and gene repertoire reveals principles of genome evolution in a model yeast genus. Genome Res. 2016 Jul;26(7):918-32. doi: 10.1101/gr.204420.116. Epub 2016 May 31.",
279,Lachancea_mirantina,Lachancea mirantina,,Saccharomycetaceae,Saccharomycetaceae,Lachancea,CBS 11717,,11717,,,Genolevures,Public,Type,No,8,4852,Unknown,10117267,1414338,45.10 ,Unknown,Leu,1687,3,54,15,"Vakirlis N, et al. Reconstruction of ancestral chromosome architecture and gene repertoire reveals principles of genome evolution in a model yeast genus. Genome Res. 2016 Jul;26(7):918-32. doi: 10.1101/gr.204420.116. Epub 2016 May 31.",
280,Lachancea_nothofagi,Lachancea nothofagi,,Saccharomycetaceae,Saccharomycetaceae,Lachancea,CBS 11611,Y-48670,11611,,,Genolevures,Public,Type,No,8,5086,Unknown,11313798,1763880,43.72 ,Unknown,Leu,1705,5,38,11,"Vakirlis N, et al. Reconstruction of ancestral chromosome architecture and gene repertoire reveals principles of genome evolution in a model yeast genus. Genome Res. 2016 Jul;26(7):918-32. doi: 10.1101/gr.204420.116. Epub 2016 May 31.",
281,Lachancea_quebecensis,Lachancea quebecensis,,Saccharomycetaceae,Saccharomycetaceae,Lachancea,LL2013_164,,14088,,LL2013_164,Genolevures,Public,Reference,No,51,4672,Unknown,10225810,533508,46.71 ,Unknown,Leu,1725,4,20,10,"Freel KC, et al. Whole-Genome Sequencing and Intraspecific Analysis of the Yeast Species Lachancea quebecensis. Genome Biol Evol. 2016 Jan 5;8(3):733-41. doi: 10.1093/gbe/evv262.",
282,Lachancea_thermotolerans,Lachancea thermotolerans,,Saccharomycetaceae,Saccharomycetaceae,Lachancea,CBS 6340,Y-8284,6340,19085,,Genolevures,Public,Type,Yes,8,4808,Unknown,10392861,1513537,47.30 ,Unknown,Leu,1732,3,16,8,"Génolevures Consortium, et al. Comparative genomics of protoploid Saccharomycetaceae. Genome Res. 2009 Oct;19(10):1696–709.",
283,Lachancea_waltii,Lachancea waltii,,Saccharomycetaceae,Saccharomycetaceae,Lachancea,NCYC 2644,Y-8285,6430,10745,NCYC 2644,NCBI,Public,Type,No,713,5216,Unknown,10912112,62747,44.29 ,Unknown,Leu,1643,9,67,40,"Kellis M, et al. Proof and evolutionary analysis of ancient genome duplication in the yeast Saccharomyces cerevisiae. Nature 428, 617–624 (2004).",
284,Nakaseomyces_bacillisporus,Nakaseomyces bacillisporus,,Saccharomycetaceae,Saccharomycetaceae,Nakaseomyces,CBS 7720,Y-17846,7720,,,Genolevures,Public,Type,No,37,4844,Unknown,11106681,811560,36.59 ,Unknown,Leu,1639,40,47,33,"Gabaldon T, et al. Comparative genomics of emerging pathogens in the Candida glabrata clade. BMC Genomics. 2013;14:623. ",
285,Nakaseomyces_bracarensis,Candida bracarensis,,Saccharomycetaceae,Saccharomycetaceae,Candida,CBS 10154,Y-48270,10154,,,Genolevures,Public,Type,No,40,5432,Unknown,12413499,758652,36.13 ,Unknown,Leu,1647,51,39,22,"Gabaldon T, et al. Comparative genomics of emerging pathogens in the Candida glabrata clade. BMC Genomics. 2013;14:623. ",
286,Nakaseomyces_castellii,Candida castellii,,Saccharomycetaceae,Saccharomycetaceae,Candida,CBS 4332,Y-17070,4332,9550,,Genolevures,Public,Type,No,36,4689,Unknown,10286478,1252849,40.86 ,Unknown,Leu,1601,30,78,50,"Gabaldon T, et al. Comparative genomics of emerging pathogens in the Candida glabrata clade. BMC Genomics. 2013;14:623. ",
287,Nakaseomyces_delphensis,Nakaseomyces delphensis,,Saccharomycetaceae,Saccharomycetaceae,Nakaseomyces,CBS 2170,Y-2379,2170,,,Genolevures,Public,Type,Yes,30,5105,Unknown,10969104,1014225,38.87 ,Unknown,Leu,1641,52,43,23,"Gabaldon T, et al. Comparative genomics of emerging pathogens in the Candida glabrata clade. BMC Genomics. 2013;14:623. ",
288,Nakaseomyces_nivariensis,Candida nivariensis,,Saccharomycetaceae,Saccharomycetaceae,Candida,CBS 9983,Y-48269,9983,,,Genolevures,Public,Type,No,29,5206,Unknown,11687903,879194,36.86 ,Unknown,Leu,1648,55,37,19,"Gabaldon T, et al. Comparative genomics of emerging pathogens in the Candida glabrata clade. BMC Genomics. 2013;14:623. ",
289,Naumovozyma_castellii,Naumovozyma castellii,,Saccharomycetaceae,Saccharomycetaceae,Naumovozyma,CBS 4309,Y-12630,4309,,,Genolevures,Public,Type,No,10,5264,Unknown,11219539,1245273,36.76 ,Unknown,Leu,1612,89,42,16,"Gordon JL, et al. Evolutionary erosion of yeast sex chromosomes by mating-type switching accidents. Proc. Natl. Acad. Sci. U.S.A. 108, 20024–20029 (2011).",
290,Naumovozyma_dairenensis,Naumovozyma dairenensis,,Saccharomycetaceae,Saccharomycetaceae,Naumovozyma,CBS 421,Y-1353,421,,,NCBI,Public,Type,Yes,11,5651,Unknown,13527580,1230053,34.15 ,Unknown,Leu,1621,65,49,24,"Gordon JL, et al. Evolutionary erosion of yeast sex chromosomes by mating-type switching accidents. Proc. Natl. Acad. Sci. U.S.A. 108, 20024–20029 (2011).",
291,Saccharomyces_arboricola,Saccharomyces arboricola,Saccharomyces arboricolus,Saccharomycetaceae,Saccharomycetaceae,Saccharomyces,CBS 10644,,10644,,,NCBI,Public,Type,No,35,5013,Unknown,11619520,879294,38.68 ,Unknown,Leu,1625,91,27,16,"Liti G, et al. High quality de novo sequencing and assembly of the Saccharomyces arboricolus genome. BMC Genomics 14, 69 (2013).",
292,Saccharomyces_cerevisiae,Saccharomyces cerevisiae,,Saccharomycetaceae,Saccharomycetaceae,Saccharomyces,S288C,,8803,,S288C,SGD,Public,Reference,Yes,17,5911,Unknown,12157105,924431,38.15 ,Unknown,Leu,1628,110,12,9,"Goffeau A, et al. Life with 6000 genes. Science 274, 546, 563–567 (1996).",
293,Saccharomyces_eubayanus,Saccharomyces eubayanus,,Saccharomycetaceae,Saccharomycetaceae,Saccharomyces,FM1318,,12357,,FM1318,NCBI,Public,Type,No,29,5043,Unknown,11683510,896107,39.98 ,Unknown,Leu,1622,106,21,10,"Baker E, et al. The Genome Sequence of Saccharomyces eubayanus and the Domestication of Lager-Brewing Yeasts. Mol Biol Evol 32, 2818–2831 (2015).",
294,Saccharomyces_kudriavzevii,Saccharomyces kudriavzevii,,Saccharomycetaceae,Saccharomycetaceae,Saccharomyces,IFO 1802 MATα hoΔ::natMX,,,,IFO 1802 MATα hoΔ::natMX,SSS,Public,Type,No,16,4887,Unknown,11305202,883140,39.78 ,Unknown,Leu,1619,102,24,14,"Scannell DR, et al. The Awesome Power of Yeast Evolutionary Genetics: New Genome Sequences and Strain Resources for the Saccharomyces sensu stricto Genus. G3 (Bethesda) 1, 11–25 (2011).",
295,Saccharomyces_mikatae,Saccharomyces mikatae,,Saccharomycetaceae,Saccharomycetaceae,Saccharomyces,IFO 1815,,8839,,IFO 1815,SSS,Public,Type,No,16,4914,Unknown,11450123,800826,37.89 ,Unknown,Leu,1629,101,20,9,"Scannell DR, et al. The Awesome Power of Yeast Evolutionary Genetics: New Genome Sequences and Strain Resources for the Saccharomyces sensu stricto Genus. G3 (Bethesda) 1, 11–25 (2011).",
296,Saccharomyces_paradoxus,Saccharomyces paradoxus,,Saccharomycetaceae,Saccharomycetaceae,Saccharomyces,CBS 432,Y-17217,432,,,SSS,Public,Neotype,No,16,5038,Unknown,11744610,872514,38.65 ,Unknown,Leu,1598,99,22,40,"Liti G, et al. Population genomics of domestic and wild yeasts. Nature. 2009 Mar 19;458(7236):337–41.",
297,Saccharomyces_uvarum,Saccharomyces uvarum,Saccharomyces bayanus var. uvarum,Saccharomycetaceae,Saccharomycetaceae,Saccharomyces,JRY9189,,7001,,JRY9189,SSS,Public,Reference,No,16,5004,Unknown,11502913,907341,40.23 ,Unknown,Leu,1615,100,28,16,"Scannell DR, et al. The Awesome Power of Yeast Evolutionary Genetics: New Genome Sequences and Strain Resources for the Saccharomyces sensu stricto Genus. G3 (Bethesda) 1, 11–25 (2011).",
298,Tetrapisispora_blattae,Tetrapisispora blattae,,Saccharomycetaceae,Saccharomycetaceae,Tetrapisispora,CBS 6284,Y-10934,6284,,,Genolevures,Public,Type,No,10,5377,Unknown,14048593,1449145,31.74 ,Unknown,Leu,1580,36,89,54,"Gordon JL, et al. Evolutionary erosion of yeast sex chromosomes by mating-type switching accidents. Proc. Natl. Acad. Sci. U.S.A. 108, 20024–20029 (2011).",
299,Tetrapisispora_phaffii,Tetrapisispora phaffii,,Saccharomycetaceae,Saccharomycetaceae,Tetrapisispora,CBS 4417,Y-8282,4417,,,NCBI,Public,Type,Yes,17,5295,Unknown,12115070,815984,33.56 ,Unknown,Leu,1645,47,43,24,"Gordon JL, et al. Evolutionary erosion of yeast sex chromosomes by mating-type switching accidents. Proc. Natl. Acad. Sci. U.S.A. 108, 20024–20029 (2011).",
300,Torulaspora_delbrueckii,Torulaspora delbrueckii,,Saccharomycetaceae,Saccharomycetaceae,Torulaspora,CBS 1146,Y-866,1146,31684,,JGI,Public,Neotype,Yes,8,4506,Unknown,9220678,1218070,42.02 ,Unknown,Leu,1735,3,16,5,"Gordon JL, et al. Evolutionary erosion of yeast sex chromosomes by mating-type switching accidents. Proc. Natl. Acad. Sci. U.S.A. 108, 20024–20029 (2011).",
301,Vanderwaltozyma_polyspora,Vanderwaltozyma polyspora,,Saccharomycetaceae,Saccharomycetaceae,Vanderwaltozyma,DSMZ 70294,Y-8283,2163,,DSMZ 70294,NCBI,Public,Type,Yes,281,5679,Unknown,14674591,126622,33.02 ,Unknown,Leu,1603,77,48,31,"Scannell DR, et al. Independent sorting-out of thousands of duplicated gene pairs in two yeast species descended from a whole-genome duplication. Proc. Natl. Acad. Sci. U.S.A. 104, 8397–8402 (2007).",
302,Zygosaccharomyces_bailii,Zygosaccharomyces bailii,,Saccharomycetaceae,Saccharomycetaceae,Zygosaccharomyces,CBS 680,Y-2227,680,,,Genolevures,Public,Type,No,27,4606,Unknown,10268813,932251,42.48 ,Unknown,Leu,1713,5,30,11,"Galeote V, et al. Genome Sequence of the Food Spoilage Yeast Zygosaccharomyces bailii CLIB 213T. Genome Announc. 2013;1(4).",
303,Zygosaccharomyces_rouxii,Zygosaccharomyces rouxii,,Saccharomycetaceae,Saccharomycetaceae,Zygosaccharomyces,CBS 732,Y-229,732,,,Genolevures,Public,Type,Yes,7,4623,Unknown,9764635,1496342,39.13 ,Unknown,Leu,1725,3,24,7,"Génolevures Consortium, et al. Comparative genomics of protoploid Saccharomycetaceae. Genome Res. 19, 1696–1709 (2009).",
304,yHAB136_Kazachstania_bromeliacearum,Kazachstania bromeliacearum,,Saccharomycetaceae,Saccharomycetaceae,Kazachstania,NRRL Y-48836,Y-48836,7996,,,PPOP00000000,Y1000+,Type,No,1136,5308,84.2,11280625,173093,34.63 ,0.000033,Leu,1624,70,38,27,This study,
305,yHAB134_Kazachstania_turicensis,Kazachstania turicensis,,Saccharomycetaceae,Saccharomycetaceae,Kazachstania,NRRL Y-48834,Y-48834,8665,,,PPOO00000000,Y1000+,Type,No,972,5937,46.17,14081993,150948,33.21 ,0.000545,Leu,1601,56,62,40,This study,
306,yHAB133_Kazachstania_unispora,Kazachstania unispora,,Saccharomycetaceae,Saccharomycetaceae,Kazachstania,NRRL Y-1556,Y-1556,398,5180,,PPON00000000,Y1000+,Type,No,1935,5539,106.37,12615963,158554,32.07 ,0.000075,Leu,1610,52,61,36,This study,
307,yHAB132_Kazachstania_martiniae,Kazachstania martiniae,,Saccharomycetaceae,Saccharomycetaceae,Kazachstania,NRRL Y-409,Y-409,6334,,,PPOM00000000,Y1000+,Type,No,592,5708,34.68,11743474,205775,33.69 ,0.000059,Leu,1573,84,71,31,This study,
308,yHAB143_Kazachstania_siamensis,Kazachstania siamensis,,Saccharomycetaceae,Saccharomycetaceae,Kazachstania,NRRL Y-48842,Y-48842,10361,,,PPOL00000000,Y1000+,Type,No,967,5180,44.71,11809440,107908,32.99 ,0.000038,Leu,1612,44,61,42,This study,
309,yHAB147_Kazachstania_taianensis,Kazachstania taianensis,,Saccharomycetaceae,Saccharomycetaceae,Kazachstania,NRRL Y-48846,Y-48846,11405,,,PPOK00000000,Y1000+,Type,No,483,5201,161.1537333,13583218,190094,43.21 ,0.000017,Leu,1614,58,55,32,This study,
310,yHAB148_Kazachstania_intestinalis,Kazachstania intestinalis,,Saccharomycetaceae,Saccharomycetaceae,Kazachstania,NRRL Y-48847,Y-48847,11839,,,PPOJ00000000,Y1000+,Type,No,2126,4961,50.01,9893340,136819,41.56 ,0.000031,Leu,1614,51,68,26,This study,
311,yHAB164_Kazachstania_aerobia,Kazachstania aerobia,,Saccharomycetaceae,Saccharomycetaceae,Kazachstania,NRRL Y-27976,Y-27976,9918,31691,,PPOI00000000,Y1000+,Type,No,533,5221,38.68,12056930,115019,33.87 ,0.000091,Leu,1589,47,78,45,This study,
312,yHAB160_Kazachstania_kunashirensis,Kazachstania kunashirensis,,Saccharomycetaceae,Saccharomycetaceae,Kazachstania,NRRL Y-27209,Y-27209,7662,,,PPOH00000000,Y1000+,Type,No,353,5288,35.08,10958485,237337,32.32 ,0.000101,Leu,1590,72,61,36,This study,
313,yHAB159_Kazachstania_solicola,Kazachstania solicola,,Saccharomycetaceae,Saccharomycetaceae,Kazachstania,NRRL Y-27207,Y-27207,6904,,,PPOG00000000,Y1000+,Type,No,1524,6019,47.37,13005382,117325,35.68 ,0.003808,Leu,1582,62,73,42,This study,
314,yHAB158_Kazachstania_viticola,Kazachstania viticola,,Saccharomycetaceae,Saccharomycetaceae,Kazachstania,NRRL Y-27206,Y-27206,6463,,,PPOF00000000,Y1000+,Type,Yes,1062,5828,98.29,12090116,91405,32.66 ,0.002378,Leu,1567,107,36,49,This study,
315,yHAB155_Kazachstania_spencerorum,Kazachstania spencerorum,,Saccharomycetaceae,Saccharomycetaceae,Kazachstania,NRRL Y-17920,Y-17920,3019,,,PPOE00000000,Y1000+,Type,No,2023,6540,60.9,12995003,111153,33.39 ,0.000094,Leu,1583,75,74,27,This study,
316,yHAB154_Kazachstania_transvaalensis,Kazachstania transvaalensis,,Saccharomycetaceae,Saccharomycetaceae,Kazachstania,NRRL Y-17245,Y-17245,2186,5178,,PPXN00000000,Y1000+,Type,No,2362,4897,93.56,12473104,136221,33.31 ,0.000069,Leu,1593,40,66,60,This study,
317,yHAB153_Kazachstania_rosinii,Kazachstania rosinii,,Saccharomycetaceae,Saccharomycetaceae,Kazachstania,NRRL Y-17919,Y-17919,7127,,,PPOD00000000,Y1000+,Type,No,455,5378,108.74,12228103,195966,40.46 ,0.000068,Leu,1622,75,41,21,This study,
318,yHAB166_Kazachstania_yakushimaensis,Kazachstania yakushimaensis,,Saccharomycetaceae,Saccharomycetaceae,Kazachstania,NRRL Y-48837,Y-48837,8388,,,PPOC00000000,Y1000+,Type,No,898,5511,54.08,12823901,249423,30.46 ,0.000096,Leu,1573,43,78,65,This study,
319,yHMPu5000035652_Torulaspora_maleeae,Torulaspora maleeae,,Saccharomycetaceae,Saccharomycetaceae,Torulaspora,CBS 10694,,10694,,,PPNA00000000,Y1000+,Type,No,264,4312,107.218875,9217914,764704,45.78 ,0.000012,Leu,1712,4,36,7,This study,
320,yHMPu5000035651_Torulaspora_microellipsoides,Torulaspora microellipsoides,,Saccharomycetaceae,Saccharomycetaceae,Torulaspora,NRRL Y-1549,Y-1549,427,,,PPMZ00000000,Y1000+,Type,No,302,5298,30.5,10927271,506894,38.70 ,0.000021,Leu,1725,9,17,8,This study,
321,yHMPu5000035629_Yueomyces_sinensis,Yueomyces sinensis,,Saccharomycetaceae,Saccharomycetaceae,Yueomyces,NRRL Y-17406,Y-17406,7075,,,PPMT00000000,Y1000+,Type,Yes,1143,5545,89.164875,12915719,177725,29.60 ,0.000033,Leu,1557,41,67,94,This study,
322,yHMPu5000034881_Torulaspora_pretoriensis,Torulaspora pretoriensis,,Saccharomycetaceae,Saccharomycetaceae,Torulaspora,NRRL Y-17251,Y-17251,2187,,,PPKE00000000,Y1000+,Type,No,157,5670,27.599875,11567242,652029,44.82 ,0.000008,Leu,1684,35,34,6,This study,
323,yHMPu5000034877_Tetrapisispora_namnaonensis,Tetrapisispora namnaonensis,,Saccharomycetaceae,Saccharomycetaceae,Tetrapisispora,NRRL Y-27982,Y-27982,10093,12664,,PPKD00000000,Y1000+,Type,No,1578,5748,181.8857917,12471591,466427,32.36 ,0.000032,Leu,1621,54,60,24,This study,
324,yHMPu5000034876_Tetrapisispora_iriomotensis,Tetrapisispora iriomotensis,,Saccharomycetaceae,Saccharomycetaceae,Tetrapisispora,NRRL Y-27309,Y-27309,8762,10810,,PPKC00000000,Y1000+,Type,No,576,5775,149.3056667,11946050,451623,32.39 ,0.000015,Leu,1617,67,52,23,This study,
325,yHMPu5000034875_Tetrapisispora_fleetii,Tetrapisispora fleetii,,Saccharomycetaceae,Saccharomycetaceae,Tetrapisispora,NRRL Y-27350,Y-27350,8957,,,PPKB00000000,Y1000+,Type,No,1792,5563,113.2849167,12055622,482824,32.76 ,0.00003,Leu,1627,55,54,23,This study,
326,yHMPu5000034866_Zygosaccharomyces_bisporus,Zygosaccharomyces bisporus,,Saccharomycetaceae,Saccharomycetaceae,Zygosaccharomyces,NRRL Y-12626,Y-12626,702,,,PPKA00000000,Y1000+,Type,No,418,4717,59.48179167,10539560,157422,43.94 ,0.000005,Leu,1718,2,28,11,This study,
327,yHMPu5000034865_Zygosaccharomyces_kombuchaensis,Zygosaccharomyces kombuchaensis,,Saccharomycetaceae,Saccharomycetaceae,Zygosaccharomyces,NRRL YB-4811,YB-4811,8849,,,PPJZ00000000,Y1000+,Type,No,656,4527,16.56166667,10226748,108046,44.56 ,0.000002,Leu,1715,2,32,10,This study,
328,yHMPu5000034862_Zygotorulaspora_florentina,Zygotorulaspora florentina,,Saccharomycetaceae,Saccharomycetaceae,Zygotorulaspora,NRRL Y-1560,Y-1560,746,,,PPJY00000000,Y1000+,Type,No,485,5014,67.75675,11024777,562868,40.97 ,0.000028,Leu,1702,5,39,13,This study,
329,yHMPu5000034710_Kluyveromyces_dobzhanskii,Kluyveromyces dobzhanskii,,Saccharomycetaceae,Saccharomycetaceae,Kluyveromyces,NRRL Y-1974,Y-1974,2104,,,PPJP00000000,Y1000+,Type,No,235,4882,55.67295833,10813071,778961,41.25 ,0.000024,Leu,1698,7,36,18,This study,
330,yHMPu5000034709_Kluyveromyces_aestuarii,Kluyveromyces aestuarii,,Saccharomycetaceae,Saccharomycetaceae,Kluyveromyces,NRRL YB-4510,YB-4510,4438,,,PPJO00000000,Y1000+,Type,No,184,4833,72.75783333,10039469,516559,38.32 ,0.000022,Leu,1671,2,55,31,This study,
331,yHMPu5000026256_Zygotorulaspora_mrakii,Zygotorulaspora mrakii,,Saccharomycetaceae,Saccharomycetaceae,Zygotorulaspora,NRRL Y-12654,Y-12654,4218,1800,,PPHZ00000000,Y1000+,Type,Yes,568,4772,17.78,10256226,327413,39.90 ,Unknown,Leu,1432,3,35,289,This study,
332,yHMPu5000026152_Torulaspora_franciscae,Torulaspora franciscae,,Saccharomycetaceae,Saccharomycetaceae,Torulaspora,NRRL Y-17532,Y-17532,2926,3662,,PPHX00000000,Y1000+,Type,No,307,5046,36.14479167,10497374,506406,45.05 ,0.00001,Leu,1714,8,29,8,This study,